{"type":"FeatureCollection","features":[{"type":"Feature","properties":{"ad":"Karamürsel"},"geometry":{"type":"Polygon","coordinates":[[[29.48276,40.56339],[29.48501,40.56577],[29.48439,40.56632],[29.48727,40.56762],[29.48749,40.56873],[29.49281,40.56847],[29.49309,40.56905],[29.4955,40.56857],[29.49412,40.56948],[29.4949,40.56986],[29.49482,40.57113],[29.49756,40.57395],[29.49908,40.57441],[29.49962,40.57646],[29.49823,40.5795],[29.49679,40.57943],[29.50215,40.5832],[29.50033,40.58481],[29.50163,40.58723],[29.50005,40.58796],[29.50152,40.58897],[29.4955,40.58992],[29.49474,40.5912],[29.49289,40.5914],[29.49368,40.59335],[29.49562,40.59423],[29.49631,40.59752],[29.49824,40.6004],[29.49861,40.60363],[29.50026,40.60384],[29.50214,40.60573],[29.50182,40.60651],[29.50272,40.6098],[29.50252,40.6167],[29.50175,40.61789],[29.49926,40.61925],[29.49836,40.62197],[29.50005,40.62727],[29.49988,40.62919],[29.4986,40.63121],[29.4966,40.6317],[29.49733,40.63324],[29.49906,40.63461],[29.49766,40.63925],[29.50008,40.64093],[29.49916,40.6427],[29.49898,40.64503],[29.50128,40.64632],[29.50456,40.64604],[29.50812,40.647],[29.5118,40.6496],[29.51886,40.65047],[29.52203,40.65166],[29.52365,40.65144],[29.52274,40.6524],[29.52294,40.65298],[29.52456,40.65403],[29.52546,40.65405],[29.52602,40.65318],[29.52963,40.65484],[29.53888,40.65571],[29.53568,40.66288],[29.5329,40.66345],[29.53066,40.66564],[29.53408,40.66754],[29.53699,40.66787],[29.54352,40.6709],[29.54773,40.67382],[29.5477,40.67532],[29.55042,40.67508],[29.55054,40.67772],[29.55285,40.67973],[29.5542,40.68233],[29.55892,40.68688],[29.56426,40.6864],[29.5715,40.68911],[29.57505,40.68935],[29.58172,40.68933],[29.58538,40.68844],[29.59035,40.68965],[29.5915,40.69042],[29.59021,40.69042],[29.59235,40.6905],[29.59582,40.69227],[29.60185,40.6921],[29.61047,40.69339],[29.60996,40.69396],[29.60901,40.69354],[29.61003,40.69402],[29.61071,40.69325],[29.61143,40.69314],[29.61045,40.69367],[29.61162,40.69383],[29.61191,40.69333],[29.61436,40.69393],[29.61493,40.69416],[29.61461,40.69473],[29.61498,40.69421],[29.61572,40.69448],[29.61861,40.69646],[29.62619,40.69576],[29.62839,40.69643],[29.63022,40.69541],[29.63686,40.69621],[29.64418,40.69579],[29.64826,40.69733],[29.6522,40.70024],[29.65561,40.70185],[29.65959,40.70219],[29.65771,40.70156],[29.65998,40.70163],[29.66367,40.70452],[29.6654,40.70513],[29.6714,40.70317],[29.67813,40.70286],[29.68446,40.70538],[29.68546,40.70497],[29.68299,40.70212],[29.68564,40.7007],[29.68588,40.70017],[29.685,40.69894],[29.68543,40.69824],[29.68728,40.69949],[29.68751,40.69836],[29.69042,40.70019],[29.69318,40.70052],[29.69297,40.69926],[29.69416,40.69846],[29.69343,40.69776],[29.69291,40.69821],[29.69251,40.6971],[29.69372,40.69701],[29.69368,40.69643],[29.69232,40.69461],[29.69023,40.69293],[29.68695,40.69186],[29.68621,40.68963],[29.68288,40.6857],[29.68464,40.68552],[29.68485,40.68653],[29.68766,40.68655],[29.69153,40.68813],[29.69277,40.68721],[29.69321,40.6858],[29.69373,40.6858],[29.69233,40.68284],[29.69288,40.68014],[29.69781,40.67694],[29.69679,40.67588],[29.6979,40.67272],[29.69956,40.67131],[29.70399,40.67201],[29.71288,40.67095],[29.71862,40.67336],[29.72179,40.67237],[29.71347,40.66847],[29.70592,40.66317],[29.70612,40.66205],[29.70818,40.66011],[29.71124,40.65966],[29.71046,40.65831],[29.70526,40.65481],[29.69963,40.65459],[29.69641,40.65233],[29.69563,40.64956],[29.69142,40.64957],[29.68789,40.6483],[29.68483,40.64886],[29.68611,40.64752],[29.68827,40.6409],[29.69083,40.63944],[29.69151,40.6372],[29.69138,40.63376],[29.69365,40.63111],[29.69407,40.62864],[29.6961,40.62574],[29.70144,40.62439],[29.70356,40.62306],[29.70378,40.62124],[29.70495,40.6193],[29.70743,40.61754],[29.70745,40.61672],[29.69939,40.6113],[29.69692,40.60657],[29.68745,40.60457],[29.68539,40.60512],[29.68535,40.60576],[29.68657,40.60638],[29.6852,40.60664],[29.68339,40.60558],[29.68255,40.60379],[29.68306,40.60295],[29.68411,40.60256],[29.68525,40.60336],[29.68617,40.60275],[29.68484,40.60218],[29.6845,40.60121],[29.68568,40.60051],[29.68487,40.59983],[29.68642,40.59585],[29.68446,40.59192],[29.68413,40.58977],[29.67886,40.58661],[29.6764,40.58314],[29.67185,40.58142],[29.66812,40.57861],[29.66445,40.57701],[29.66166,40.57347],[29.66188,40.57215],[29.66017,40.5705],[29.65696,40.57103],[29.65726,40.5703],[29.656,40.56986],[29.65536,40.57107],[29.65432,40.57147],[29.65421,40.56988],[29.65166,40.56985],[29.65113,40.56892],[29.64972,40.56916],[29.64983,40.56864],[29.64648,40.5671],[29.64504,40.56536],[29.64387,40.5653],[29.64264,40.56325],[29.64293,40.56214],[29.64397,40.56171],[29.64298,40.55891],[29.6434,40.55829],[29.64197,40.55596],[29.64122,40.55517],[29.6398,40.55535],[29.63948,40.55436],[29.63865,40.55433],[29.63739,40.5562],[29.63571,40.55561],[29.63532,40.55622],[29.63357,40.55432],[29.6333,40.55264],[29.63192,40.55184],[29.63091,40.55206],[29.6308,40.5503],[29.62967,40.55027],[29.62776,40.54654],[29.62487,40.54472],[29.62278,40.54495],[29.62136,40.54396],[29.61896,40.54521],[29.61801,40.54462],[29.61798,40.54562],[29.61608,40.54422],[29.61683,40.54355],[29.61802,40.54417],[29.61798,40.54306],[29.61657,40.54294],[29.61674,40.54257],[29.61587,40.54273],[29.61445,40.54483],[29.61343,40.54432],[29.61404,40.5441],[29.61456,40.54239],[29.61237,40.54258],[29.61134,40.54143],[29.60768,40.54171],[29.60761,40.54122],[29.60633,40.54341],[29.60546,40.54319],[29.60572,40.54219],[29.6041,40.54147],[29.60399,40.54054],[29.59914,40.54023],[29.60077,40.54261],[29.59991,40.54278],[29.5988,40.54158],[29.59786,40.54233],[29.5972,40.54121],[29.59745,40.54247],[29.59657,40.54342],[29.59658,40.54444],[29.59439,40.5443],[29.59181,40.54296],[29.59055,40.54313],[29.58835,40.54123],[29.58822,40.54021],[29.58749,40.54023],[29.58732,40.5392],[29.58422,40.54084],[29.58106,40.5438],[29.58039,40.54362],[29.58086,40.54253],[29.57985,40.54031],[29.57369,40.53831],[29.57186,40.53959],[29.57129,40.53843],[29.57168,40.53668],[29.56794,40.53425],[29.56607,40.53605],[29.56491,40.53527],[29.56478,40.5364],[29.5629,40.53694],[29.56305,40.53815],[29.5645,40.53872],[29.56253,40.53934],[29.5616,40.54075],[29.56073,40.54089],[29.5589,40.53932],[29.55842,40.53791],[29.5562,40.53641],[29.55793,40.53265],[29.55894,40.532],[29.55868,40.52952],[29.55811,40.52879],[29.55555,40.52809],[29.55408,40.52709],[29.55371,40.52591],[29.55272,40.52559],[29.55135,40.52792],[29.55283,40.52976],[29.54933,40.53027],[29.54586,40.53304],[29.54422,40.53353],[29.54172,40.5316],[29.53474,40.53204],[29.53137,40.53142],[29.53015,40.53002],[29.52833,40.52947],[29.52553,40.52728],[29.52523,40.52576],[29.52344,40.52509],[29.5199,40.5253],[29.51721,40.5281],[29.51483,40.5295],[29.51311,40.52913],[29.5062,40.52993],[29.50078,40.52718],[29.49857,40.52354],[29.49592,40.52929],[29.49551,40.53492],[29.49379,40.53691],[29.49404,40.53884],[29.49705,40.54164],[29.49387,40.54721],[29.49372,40.54982],[29.49145,40.55519],[29.49173,40.55564],[29.48485,40.55628],[29.48117,40.56032],[29.48278,40.56165],[29.48276,40.56339]]]}},{"type":"Feature","properties":{"ad":"Gölcük"},"geometry":{"type":"Polygon","coordinates":[[[29.68483,40.64886],[29.68789,40.6483],[29.69142,40.64957],[29.69563,40.64956],[29.69641,40.65233],[29.69963,40.65459],[29.70526,40.65481],[29.71046,40.65831],[29.71124,40.65966],[29.70818,40.66011],[29.70612,40.66205],[29.70592,40.66317],[29.71347,40.66847],[29.72179,40.67237],[29.71862,40.67336],[29.71288,40.67095],[29.70399,40.67201],[29.69956,40.67131],[29.6979,40.67272],[29.69679,40.67588],[29.69781,40.67694],[29.69288,40.68014],[29.69233,40.68284],[29.69373,40.6858],[29.69321,40.6858],[29.69277,40.68721],[29.69153,40.68813],[29.68766,40.68655],[29.68485,40.68653],[29.68464,40.68552],[29.68288,40.6857],[29.68621,40.68963],[29.68695,40.69186],[29.69023,40.69293],[29.69232,40.69461],[29.69368,40.69643],[29.69372,40.69701],[29.69251,40.6971],[29.69291,40.69821],[29.69343,40.69776],[29.69416,40.69846],[29.69297,40.69926],[29.69318,40.70052],[29.69042,40.70019],[29.68751,40.69836],[29.68728,40.69949],[29.68543,40.69824],[29.685,40.69894],[29.68588,40.70017],[29.68564,40.7007],[29.68299,40.70212],[29.68546,40.70497],[29.68724,40.7051],[29.68891,40.70667],[29.68971,40.70674],[29.68905,40.706],[29.69002,40.70589],[29.69219,40.70646],[29.69197,40.707],[29.6923,40.70651],[29.69667,40.70806],[29.70134,40.70722],[29.70574,40.70777],[29.71447,40.71169],[29.7179,40.71153],[29.72171,40.71037],[29.72538,40.71106],[29.72639,40.71205],[29.72749,40.71242],[29.72659,40.7117],[29.7297,40.71182],[29.73274,40.71305],[29.74328,40.71419],[29.74701,40.71684],[29.75174,40.71779],[29.75388,40.718],[29.7581,40.71682],[29.76652,40.71846],[29.76918,40.71802],[29.77145,40.71858],[29.77155,40.71962],[29.77303,40.71992],[29.77161,40.71956],[29.77155,40.7186],[29.77333,40.71855],[29.77315,40.71961],[29.77343,40.71857],[29.77669,40.7193],[29.78127,40.72223],[29.78548,40.7217],[29.79115,40.72196],[29.79537,40.72662],[29.80624,40.72873],[29.80837,40.72978],[29.8129,40.73037],[29.81433,40.72991],[29.81305,40.72969],[29.81399,40.72923],[29.81229,40.72938],[29.81298,40.72892],[29.81214,40.72936],[29.81156,40.72921],[29.81229,40.72874],[29.81025,40.72881],[29.81047,40.72815],[29.81144,40.72819],[29.81063,40.7277],[29.81159,40.72765],[29.80719,40.72609],[29.808,40.72499],[29.81081,40.725],[29.8107,40.72422],[29.81379,40.72395],[29.81479,40.72431],[29.81373,40.72601],[29.8197,40.7265],[29.82306,40.72448],[29.82255,40.72402],[29.82299,40.72372],[29.82337,40.7241],[29.82824,40.72242],[29.83205,40.72186],[29.83537,40.72403],[29.83751,40.72467],[29.83848,40.72594],[29.83933,40.72597],[29.83851,40.72551],[29.83882,40.72487],[29.84026,40.72611],[29.84093,40.72469],[29.84089,40.72573],[29.84342,40.72603],[29.84383,40.72702],[29.84489,40.72689],[29.84684,40.72909],[29.85203,40.72143],[29.85447,40.71921],[29.85469,40.7119],[29.85706,40.7125],[29.85789,40.71401],[29.85862,40.71382],[29.85849,40.71065],[29.8576,40.70962],[29.86111,40.70856],[29.86102,40.70555],[29.87439,40.70629],[29.87432,40.70514],[29.87192,40.70322],[29.87784,40.70218],[29.87813,40.69747],[29.87279,40.69358],[29.87227,40.69251],[29.87031,40.69157],[29.86981,40.691],[29.87045,40.69014],[29.86959,40.68962],[29.86859,40.69004],[29.86854,40.68902],[29.86731,40.68798],[29.86614,40.68813],[29.86465,40.68723],[29.86452,40.6861],[29.86567,40.68584],[29.86571,40.68503],[29.86524,40.68499],[29.8666,40.68319],[29.86943,40.68242],[29.87437,40.68209],[29.87445,40.68278],[29.87752,40.6829],[29.87865,40.68384],[29.88266,40.67991],[29.88265,40.67649],[29.88435,40.67205],[29.88023,40.66748],[29.88261,40.6678],[29.88371,40.66656],[29.88945,40.66838],[29.89035,40.66752],[29.89224,40.66881],[29.8941,40.66722],[29.89596,40.66667],[29.89412,40.66606],[29.89426,40.66547],[29.89289,40.66462],[29.89406,40.66365],[29.89321,40.66308],[29.89633,40.66169],[29.89754,40.66228],[29.89782,40.66336],[29.89916,40.66308],[29.8987,40.66182],[29.89601,40.66069],[29.89614,40.65988],[29.89749,40.65901],[29.89625,40.65917],[29.89714,40.65563],[29.89511,40.65425],[29.89262,40.65367],[29.89385,40.6518],[29.89267,40.64951],[29.8963,40.64922],[29.89612,40.64861],[29.89677,40.64859],[29.89813,40.64966],[29.89797,40.6479],[29.89882,40.64622],[29.90408,40.64559],[29.9053,40.64836],[29.90644,40.64815],[29.90592,40.64793],[29.9083,40.64574],[29.90835,40.6452],[29.90729,40.64493],[29.90974,40.64284],[29.90867,40.64157],[29.90758,40.64259],[29.90625,40.6413],[29.90697,40.64001],[29.90676,40.63843],[29.90382,40.63903],[29.90431,40.64147],[29.90391,40.6409],[29.90313,40.64171],[29.90247,40.64121],[29.90215,40.64026],[29.90317,40.64015],[29.90322,40.63873],[29.90425,40.63833],[29.90306,40.63791],[29.90301,40.63668],[29.90229,40.63633],[29.90355,40.63565],[29.90302,40.63489],[29.90391,40.63372],[29.90246,40.6321],[29.90411,40.63151],[29.90575,40.63196],[29.90695,40.63128],[29.90672,40.63056],[29.90975,40.62953],[29.91057,40.62687],[29.91024,40.62447],[29.91227,40.62377],[29.91031,40.6225],[29.91328,40.62004],[29.91393,40.61754],[29.91369,40.61574],[29.91168,40.61535],[29.91187,40.6135],[29.90721,40.61459],[29.9035,40.61399],[29.90134,40.61257],[29.8979,40.6123],[29.89047,40.60588],[29.88839,40.60283],[29.88825,40.60142],[29.88672,40.59984],[29.88582,40.59304],[29.88639,40.59147],[29.88574,40.59022],[29.8906,40.58783],[29.89175,40.58191],[29.89654,40.57897],[29.89577,40.57413],[29.89442,40.57241],[29.89347,40.57315],[29.89165,40.57267],[29.88364,40.57315],[29.871,40.58025],[29.86998,40.58162],[29.86811,40.58143],[29.86392,40.58309],[29.8584,40.58423],[29.84659,40.58454],[29.8396,40.58336],[29.82233,40.5843],[29.81941,40.58333],[29.81668,40.58341],[29.8023,40.58649],[29.80125,40.58801],[29.79598,40.58958],[29.7929,40.59139],[29.78884,40.59177],[29.78087,40.59508],[29.77649,40.59604],[29.77379,40.59874],[29.76636,40.60007],[29.76528,40.59951],[29.76204,40.60108],[29.75658,40.6019],[29.74061,40.60645],[29.73506,40.60845],[29.73341,40.60983],[29.73328,40.61067],[29.73163,40.61026],[29.72623,40.61154],[29.72512,40.61106],[29.72312,40.61139],[29.72036,40.61048],[29.71931,40.61139],[29.71592,40.61106],[29.71477,40.61202],[29.70524,40.61181],[29.70467,40.61441],[29.70745,40.61672],[29.70743,40.61754],[29.70495,40.6193],[29.70378,40.62124],[29.70356,40.62306],[29.70144,40.62439],[29.6961,40.62574],[29.69407,40.62864],[29.69365,40.63111],[29.69138,40.63376],[29.69151,40.6372],[29.69083,40.63944],[29.68827,40.6409],[29.68611,40.64752],[29.68483,40.64886]]]}},{"type":"Feature","properties":{"ad":"Pazaryeri"},"geometry":{"type":"Polygon","coordinates":[[[29.73514,40.07045],[29.76827,40.0827],[29.78556,40.08711],[29.79599,40.09489],[29.82778,40.10357],[29.84238,40.10501],[29.86128,40.1016],[29.8769,40.09048],[29.8806,40.07391],[29.88647,40.06659],[29.90047,40.06112],[29.92432,40.05763],[29.94136,40.05179],[29.96679,40.02865],[29.97447,40.02328],[29.98202,40.01944],[30.00074,40.02554],[30.00527,40.02351],[30.00605,40.0161],[30.00552,40.00893],[30.04468,39.99331],[30.03241,39.98389],[30.0162,39.97605],[29.99463,39.96279],[29.9931,39.9485],[29.98062,39.94854],[29.97497,39.94768],[29.97321,39.94694],[29.97111,39.94465],[29.96813,39.94326],[29.95543,39.94026],[29.94116,39.93812],[29.93998,39.93676],[29.94071,39.93389],[29.93032,39.94844],[29.92283,39.94541],[29.91258,39.94499],[29.88424,39.93952],[29.86735,39.93779],[29.8473,39.93718],[29.83164,39.93442],[29.80731,39.93173],[29.79808,39.93187],[29.79202,39.93967],[29.78418,39.94127],[29.76024,39.95567],[29.75986,39.96653],[29.74931,39.97413],[29.74297,39.97972],[29.74018,39.98678],[29.75276,39.99618],[29.75413,40.00179],[29.73514,40.07045]]]}},{"type":"Feature","properties":{"ad":"Bilecik Merkez"},"geometry":{"type":"Polygon","coordinates":[[[29.72156,40.12722],[29.72467,40.14119],[29.72613,40.16451],[29.72905,40.17038],[29.77748,40.18881],[29.78533,40.19509],[29.79082,40.20165],[29.79703,40.22342],[29.8016,40.22816],[29.8199,40.23929],[29.8286,40.24331],[29.82823,40.25128],[29.82703,40.25941],[29.8277,40.26652],[29.83102,40.27235],[29.83432,40.2765],[29.83499,40.28196],[29.83947,40.29195],[29.84275,40.29198],[29.84334,40.29349],[29.86331,40.29562],[29.8861,40.29625],[29.89886,40.29774],[29.91148,40.30087],[29.95474,40.31373],[29.96546,40.30614],[29.97398,40.30186],[29.98371,40.29493],[30.00782,40.29191],[30.03971,40.30072],[30.05151,40.30149],[30.09497,40.28807],[30.09563,40.27771],[30.09765,40.27368],[30.09478,40.25838],[30.08399,40.24615],[30.0762,40.24133],[30.07424,40.23871],[30.06807,40.23671],[30.06613,40.23437],[30.06523,40.23214],[30.06535,40.22901],[30.07204,40.22647],[30.0758,40.22398],[30.07691,40.22118],[30.07463,40.21775],[30.07684,40.2138],[30.07726,40.21069],[30.07902,40.20663],[30.08638,40.19958],[30.09713,40.19523],[30.10075,40.19489],[30.10249,40.19383],[30.12315,40.18845],[30.12869,40.18498],[30.13545,40.18476],[30.13719,40.18567],[30.13805,40.18882],[30.13947,40.19029],[30.14262,40.1915],[30.14614,40.19094],[30.14626,40.18794],[30.14827,40.18512],[30.14853,40.18292],[30.15687,40.17749],[30.15955,40.16995],[30.15438,40.16745],[30.15215,40.15438],[30.14393,40.13845],[30.13295,40.12354],[30.11926,40.11675],[30.10882,40.10714],[30.08145,40.09252],[30.07342,40.08016],[30.06814,40.06795],[30.06489,40.041],[30.06477,40.01847],[30.06391,40.01321],[30.04468,39.99331],[30.00552,40.00893],[30.00605,40.0161],[30.00527,40.02351],[30.00074,40.02554],[29.98202,40.01944],[29.97447,40.02328],[29.96679,40.02865],[29.94136,40.05179],[29.92432,40.05763],[29.90047,40.06112],[29.88647,40.06659],[29.8806,40.07391],[29.8769,40.09048],[29.86128,40.1016],[29.84238,40.10501],[29.82778,40.10357],[29.79599,40.09489],[29.78556,40.08711],[29.76827,40.0827],[29.73514,40.07045],[29.7216,40.0995],[29.72274,40.10384],[29.72059,40.11849],[29.72156,40.12722]]]}},{"type":"Feature","properties":{"ad":"İznik"},"geometry":{"type":"Polygon","coordinates":[[[29.51095,40.3635],[29.51579,40.38488],[29.52498,40.49216],[29.52518,40.49765],[29.52291,40.50449],[29.52103,40.51343],[29.51698,40.51982],[29.51766,40.52415],[29.51879,40.52601],[29.5199,40.5253],[29.52344,40.52509],[29.52523,40.52576],[29.52553,40.52728],[29.52833,40.52947],[29.53015,40.53002],[29.53137,40.53142],[29.53474,40.53204],[29.54172,40.5316],[29.54422,40.53353],[29.54586,40.53304],[29.54933,40.53027],[29.55283,40.52976],[29.55135,40.52792],[29.5523,40.5256],[29.55371,40.52591],[29.55408,40.52709],[29.55868,40.52952],[29.55894,40.532],[29.55793,40.53265],[29.5562,40.53641],[29.55842,40.53791],[29.5589,40.53932],[29.56073,40.54089],[29.5616,40.54075],[29.56253,40.53934],[29.5645,40.53872],[29.56305,40.53815],[29.5629,40.53694],[29.56478,40.5364],[29.56491,40.53527],[29.56607,40.53605],[29.56794,40.53425],[29.57168,40.53668],[29.57129,40.53843],[29.57186,40.53959],[29.57369,40.53831],[29.57985,40.54031],[29.58086,40.54253],[29.58039,40.54362],[29.58106,40.5438],[29.58422,40.54084],[29.58732,40.5392],[29.58749,40.54023],[29.58822,40.54021],[29.58835,40.54123],[29.59055,40.54313],[29.59181,40.54296],[29.59439,40.5443],[29.59658,40.54444],[29.59657,40.54342],[29.59745,40.54247],[29.5972,40.54121],[29.59786,40.54233],[29.5988,40.54158],[29.59991,40.54278],[29.60077,40.54261],[29.59914,40.54023],[29.60399,40.54054],[29.6041,40.54147],[29.60572,40.54219],[29.60546,40.54319],[29.60633,40.54341],[29.60761,40.54122],[29.60768,40.54171],[29.61134,40.54143],[29.61237,40.54258],[29.61456,40.54239],[29.61404,40.5441],[29.61343,40.54432],[29.61445,40.54483],[29.61587,40.54273],[29.61674,40.54257],[29.61657,40.54294],[29.61798,40.54306],[29.61802,40.54417],[29.61683,40.54355],[29.61608,40.54422],[29.61798,40.54562],[29.61801,40.54462],[29.61896,40.54521],[29.62136,40.54396],[29.62278,40.54495],[29.62539,40.54496],[29.62638,40.5461],[29.62776,40.54654],[29.62967,40.55027],[29.6308,40.5503],[29.63091,40.55206],[29.63192,40.55184],[29.6333,40.55264],[29.63357,40.55432],[29.63532,40.55622],[29.63571,40.55561],[29.63739,40.5562],[29.63865,40.55433],[29.63948,40.55436],[29.6398,40.55535],[29.64122,40.55517],[29.64197,40.55596],[29.6434,40.55829],[29.64298,40.55891],[29.64397,40.56171],[29.64293,40.56214],[29.64264,40.56325],[29.64387,40.5653],[29.64504,40.56536],[29.64648,40.5671],[29.64983,40.56864],[29.64972,40.56916],[29.65113,40.56892],[29.65166,40.56985],[29.65421,40.56988],[29.65432,40.57147],[29.65536,40.57107],[29.656,40.56986],[29.65726,40.5703],[29.65696,40.57103],[29.66017,40.5705],[29.66188,40.57215],[29.66166,40.57347],[29.66445,40.57701],[29.66812,40.57861],[29.67185,40.58142],[29.6764,40.58314],[29.67886,40.58661],[29.68413,40.58977],[29.68446,40.59192],[29.68642,40.59585],[29.68487,40.59983],[29.68568,40.60051],[29.6845,40.60121],[29.68484,40.60218],[29.68617,40.60275],[29.68525,40.60336],[29.68411,40.60256],[29.68306,40.60295],[29.68255,40.60379],[29.68339,40.60558],[29.6852,40.60664],[29.68657,40.60638],[29.68535,40.60576],[29.68539,40.60512],[29.68745,40.60457],[29.69692,40.60657],[29.69939,40.6113],[29.70467,40.61441],[29.70524,40.61181],[29.71477,40.61202],[29.71592,40.61106],[29.71931,40.61139],[29.72036,40.61048],[29.72312,40.61139],[29.72512,40.61106],[29.72623,40.61154],[29.73163,40.61026],[29.73328,40.61067],[29.73341,40.60983],[29.73506,40.60845],[29.74061,40.60645],[29.75658,40.6019],[29.76204,40.60108],[29.76528,40.59951],[29.76636,40.60007],[29.77379,40.59874],[29.77649,40.59604],[29.78087,40.59508],[29.78884,40.59177],[29.7929,40.59139],[29.79598,40.58958],[29.80125,40.58801],[29.8023,40.58649],[29.81668,40.58341],[29.81941,40.58333],[29.82233,40.5843],[29.8396,40.58336],[29.84659,40.58454],[29.8584,40.58423],[29.86392,40.58309],[29.86811,40.58143],[29.86998,40.58162],[29.871,40.58025],[29.88364,40.57315],[29.89165,40.57267],[29.89347,40.57315],[29.89442,40.57241],[29.89577,40.57413],[29.90262,40.57071],[29.90209,40.56803],[29.90637,40.56493],[29.90646,40.56266],[29.90826,40.55943],[29.90589,40.55921],[29.905,40.55768],[29.91004,40.55259],[29.90943,40.55199],[29.90963,40.55058],[29.90668,40.55285],[29.90661,40.55365],[29.90563,40.55381],[29.9057,40.55251],[29.90446,40.55087],[29.90332,40.54455],[29.90429,40.53239],[29.90526,40.53012],[29.90122,40.51983],[29.90344,40.50768],[29.89943,40.4999],[29.88652,40.49044],[29.86418,40.48227],[29.85131,40.46598],[29.8582,40.45298],[29.88025,40.45425],[29.88632,40.44586],[29.89224,40.43267],[29.89081,40.42492],[29.886,40.41547],[29.86119,40.41115],[29.85753,40.40769],[29.8509,40.40522],[29.84405,40.39891],[29.84688,40.39415],[29.84228,40.38715],[29.82493,40.38509],[29.81674,40.37824],[29.79808,40.3698],[29.73026,40.36581],[29.72013,40.36581],[29.71144,40.36286],[29.69424,40.36279],[29.68347,40.36414],[29.67855,40.35631],[29.6757,40.3498],[29.66837,40.34682],[29.66362,40.34701],[29.65464,40.35019],[29.64583,40.35215],[29.62781,40.35896],[29.61274,40.36116],[29.60158,40.35966],[29.5744,40.36018],[29.56837,40.35898],[29.55295,40.35943],[29.54238,40.36116],[29.52142,40.36154],[29.51095,40.3635]]]}},{"type":"Feature","properties":{"ad":"Orhangazi"},"geometry":{"type":"Polygon","coordinates":[[[29.21893,40.40431],[29.22322,40.40614],[29.23663,40.42416],[29.23711,40.42651],[29.22716,40.44779],[29.22812,40.45772],[29.23386,40.46748],[29.23424,40.4739],[29.22965,40.48553],[29.22742,40.49927],[29.22605,40.51328],[29.22605,40.52131],[29.23043,40.52061],[29.23414,40.52196],[29.23759,40.52931],[29.24083,40.53084],[29.24168,40.5321],[29.24369,40.53207],[29.24602,40.53297],[29.24857,40.53224],[29.24987,40.53271],[29.25366,40.53243],[29.25648,40.53602],[29.26197,40.53571],[29.26718,40.53649],[29.27006,40.53646],[29.27468,40.53301],[29.27854,40.53608],[29.28135,40.53613],[29.2888,40.53533],[29.29401,40.53267],[29.29847,40.53147],[29.30154,40.52996],[29.30441,40.52629],[29.30854,40.52823],[29.31135,40.52756],[29.31281,40.52802],[29.31437,40.52437],[29.315,40.52455],[29.31578,40.52681],[29.31735,40.5281],[29.31656,40.5314],[29.31885,40.53276],[29.32295,40.53884],[29.3251,40.54054],[29.32688,40.5453],[29.32895,40.54795],[29.32924,40.55106],[29.33285,40.55667],[29.33303,40.55838],[29.33697,40.56143],[29.33929,40.56218],[29.34149,40.56561],[29.34435,40.5668],[29.3451,40.56651],[29.34555,40.56747],[29.3471,40.56834],[29.38257,40.56042],[29.3882,40.55516],[29.39712,40.55126],[29.40451,40.55174],[29.41023,40.54877],[29.41429,40.54842],[29.42303,40.54379],[29.42771,40.54522],[29.43801,40.54284],[29.44238,40.54439],[29.44519,40.54166],[29.4469,40.5419],[29.45049,40.54866],[29.44722,40.55292],[29.45041,40.55465],[29.45678,40.55547],[29.4572,40.56431],[29.47001,40.56794],[29.48276,40.56339],[29.48278,40.56165],[29.48117,40.56032],[29.48485,40.55628],[29.49173,40.55564],[29.49145,40.55519],[29.49372,40.54982],[29.49387,40.54721],[29.49705,40.54164],[29.49404,40.53884],[29.49379,40.53691],[29.49551,40.53492],[29.49592,40.52929],[29.49857,40.52354],[29.50078,40.52718],[29.5062,40.52993],[29.51311,40.52913],[29.51483,40.5295],[29.51842,40.52697],[29.51879,40.52601],[29.51766,40.52415],[29.51698,40.51982],[29.52103,40.51343],[29.52291,40.50449],[29.52518,40.49765],[29.52498,40.49216],[29.51579,40.38488],[29.51095,40.3635],[29.47536,40.35929],[29.46176,40.35561],[29.44031,40.34755],[29.42279,40.34295],[29.41101,40.34433],[29.34915,40.36453],[29.33671,40.37234],[29.32814,40.37582],[29.31966,40.37634],[29.30753,40.37157],[29.29206,40.37403],[29.28449,40.37086],[29.26946,40.37892],[29.25587,40.38496],[29.2477,40.4001],[29.23055,40.39763],[29.22743,40.40064],[29.22424,40.40059],[29.21893,40.40431]]]}},{"type":"Feature","properties":{"ad":"Yenişehir"},"geometry":{"type":"Polygon","coordinates":[[[29.33643,40.31789],[29.35033,40.32496],[29.39489,40.34959],[29.41101,40.34433],[29.42279,40.34295],[29.44031,40.34755],[29.46176,40.35561],[29.47536,40.35929],[29.49107,40.36136],[29.51095,40.3635],[29.52142,40.36154],[29.54238,40.36116],[29.55295,40.35943],[29.56837,40.35898],[29.5744,40.36018],[29.60158,40.35966],[29.61274,40.36116],[29.62781,40.35896],[29.64583,40.35215],[29.65464,40.35019],[29.66362,40.34701],[29.66837,40.34682],[29.6757,40.3498],[29.67855,40.35631],[29.68347,40.36414],[29.69424,40.36279],[29.71144,40.36286],[29.72013,40.36581],[29.73026,40.36581],[29.79808,40.3698],[29.82586,40.35281],[29.8525,40.32804],[29.84869,40.31751],[29.85028,40.31527],[29.84927,40.31392],[29.84544,40.31166],[29.84669,40.3099],[29.84599,40.30331],[29.8468,40.3028],[29.84552,40.30227],[29.84584,40.29938],[29.845,40.29866],[29.84275,40.29198],[29.83947,40.29195],[29.83499,40.28196],[29.83432,40.2765],[29.83102,40.27235],[29.8277,40.26652],[29.82703,40.25941],[29.82823,40.25128],[29.8286,40.24331],[29.8199,40.23929],[29.8016,40.22816],[29.79703,40.22342],[29.79082,40.20165],[29.78533,40.19509],[29.77748,40.18881],[29.72905,40.17038],[29.72613,40.16451],[29.72467,40.14119],[29.72377,40.13559],[29.71441,40.13583],[29.70003,40.13265],[29.68053,40.12984],[29.66838,40.12654],[29.65639,40.12691],[29.64409,40.13009],[29.63594,40.13717],[29.63483,40.14487],[29.62822,40.1498],[29.61932,40.15367],[29.60957,40.15672],[29.59454,40.15721],[29.58058,40.15267],[29.57249,40.15183],[29.56498,40.15403],[29.56338,40.16372],[29.54963,40.17272],[29.53573,40.18615],[29.51943,40.19531],[29.50872,40.20007],[29.48283,40.20397],[29.46685,40.20818],[29.45496,40.21392],[29.45246,40.21899],[29.43344,40.22814],[29.42081,40.23851],[29.4149,40.24571],[29.41186,40.25327],[29.4125,40.26474],[29.4173,40.27571],[29.41762,40.28108],[29.41139,40.28973],[29.39764,40.29705],[29.37001,40.30385],[29.35424,40.30917],[29.33643,40.31789]]]}},{"type":"Feature","properties":{"ad":"İnegöl"},"geometry":{"type":"Polygon","coordinates":[[[29.24231,40.05599],[29.25331,40.06093],[29.26652,40.0649],[29.29021,40.0742],[29.34586,40.09441],[29.35166,40.10077],[29.36598,40.09882],[29.37118,40.10003],[29.37715,40.10534],[29.38116,40.11045],[29.38427,40.1202],[29.38745,40.12734],[29.38868,40.12747],[29.39291,40.13358],[29.39338,40.13589],[29.39457,40.13749],[29.38842,40.14019],[29.38216,40.14761],[29.38507,40.15647],[29.39217,40.17195],[29.40128,40.18515],[29.4186,40.18984],[29.43468,40.19679],[29.44519,40.20279],[29.45496,40.21392],[29.46685,40.20818],[29.48283,40.20397],[29.50872,40.20007],[29.51943,40.19531],[29.53573,40.18615],[29.54963,40.17272],[29.56338,40.16372],[29.56498,40.15403],[29.57249,40.15183],[29.58058,40.15267],[29.59454,40.15721],[29.60957,40.15672],[29.61932,40.15367],[29.62822,40.1498],[29.63483,40.14487],[29.63594,40.13717],[29.64409,40.13009],[29.65639,40.12691],[29.66838,40.12654],[29.68053,40.12984],[29.70003,40.13265],[29.71441,40.13583],[29.72377,40.13559],[29.72156,40.12722],[29.72059,40.11849],[29.72274,40.10384],[29.7216,40.0995],[29.73514,40.07045],[29.75413,40.00179],[29.75276,39.99618],[29.74018,39.98678],[29.74297,39.97972],[29.74931,39.97413],[29.75986,39.96653],[29.76024,39.95567],[29.78418,39.94127],[29.79202,39.93967],[29.79808,39.93187],[29.75959,39.91588],[29.74726,39.90231],[29.74163,39.88547],[29.7496,39.87722],[29.7605,39.86782],[29.69912,39.8658],[29.64676,39.8654],[29.62173,39.86747],[29.60413,39.86771],[29.57808,39.87147],[29.56058,39.87886],[29.52624,39.87701],[29.50888,39.87164],[29.49754,39.86065],[29.4717,39.83843],[29.45535,39.8308],[29.42384,39.82691],[29.42194,39.83368],[29.4175,39.83736],[29.42115,39.84217],[29.42568,39.8437],[29.42837,39.84076],[29.43029,39.84056],[29.44194,39.84991],[29.44273,39.8592],[29.44038,39.86761],[29.44612,39.87315],[29.44908,39.87702],[29.44899,39.88643],[29.45318,39.89816],[29.4524,39.90089],[29.45335,39.90363],[29.45153,39.90657],[29.44865,39.9075],[29.43604,39.91571],[29.4296,39.91831],[29.42204,39.9095],[29.41447,39.9067],[29.40081,39.91304],[29.39377,39.90937],[29.3862,39.9077],[29.38237,39.90857],[29.37637,39.91531],[29.37359,39.91377],[29.36915,39.92451],[29.36428,39.92965],[29.36411,39.93252],[29.36898,39.93845],[29.36932,39.94212],[29.36741,39.94479],[29.35315,39.94786],[29.35776,39.95499],[29.35741,39.95772],[29.35567,39.95846],[29.35062,39.95806],[29.34993,39.96106],[29.34784,39.96373],[29.33757,39.96726],[29.32557,39.97712],[29.32122,39.98419],[29.31444,39.98706],[29.30713,39.99492],[29.304,40.00132],[29.30765,40.00878],[29.3033,40.01864],[29.29861,40.02197],[29.2971,40.03187],[29.28723,40.03458],[29.26843,40.04235],[29.2603,40.04752],[29.24973,40.05105],[29.24231,40.05599]]]}},{"type":"Feature","properties":{"ad":"Kestel"},"geometry":{"type":"Polygon","coordinates":[[[29.19243,40.19897],[29.19695,40.19854],[29.19771,40.19946],[29.19794,40.20132],[29.20015,40.20334],[29.20251,40.20498],[29.20535,40.20525],[29.206,40.20685],[29.20917,40.20913],[29.21463,40.20979],[29.21444,40.21161],[29.22067,40.2113],[29.22665,40.21014],[29.23962,40.21208],[29.24346,40.21444],[29.24433,40.21411],[29.24285,40.21752],[29.24334,40.22069],[29.24189,40.2266],[29.23827,40.23075],[29.24326,40.23564],[29.24816,40.23162],[29.2582,40.23131],[29.26106,40.23362],[29.25992,40.24819],[29.26577,40.24783],[29.27093,40.24854],[29.28381,40.2619],[29.28097,40.26594],[29.27322,40.27417],[29.27659,40.28679],[29.28491,40.29776],[29.28852,40.29963],[29.29247,40.29923],[29.29478,40.30108],[29.29479,40.30728],[29.29868,40.31183],[29.31586,40.31502],[29.33643,40.31789],[29.35424,40.30917],[29.37001,40.30385],[29.39764,40.29705],[29.41139,40.28973],[29.41762,40.28108],[29.4173,40.27571],[29.4125,40.26474],[29.41186,40.25327],[29.4149,40.24571],[29.42081,40.23851],[29.43344,40.22814],[29.45246,40.21899],[29.45496,40.21392],[29.44519,40.20279],[29.43468,40.19679],[29.4186,40.18984],[29.40128,40.18515],[29.39217,40.17195],[29.38507,40.15647],[29.38216,40.14761],[29.38842,40.14019],[29.39457,40.13749],[29.39338,40.13589],[29.39291,40.13358],[29.38868,40.12747],[29.38745,40.12734],[29.38427,40.1202],[29.38116,40.11045],[29.37715,40.10534],[29.37118,40.10003],[29.36598,40.09882],[29.35166,40.10077],[29.34586,40.09441],[29.29021,40.0742],[29.26652,40.0649],[29.25331,40.06093],[29.24231,40.05599],[29.23244,40.05908],[29.21987,40.0755],[29.2167,40.07296],[29.21866,40.0783],[29.21501,40.08119],[29.20247,40.0955],[29.22504,40.12344],[29.21924,40.12221],[29.20619,40.12224],[29.1988,40.12322],[29.19927,40.13145],[29.20251,40.14015],[29.20063,40.14418],[29.20303,40.15093],[29.20331,40.15436],[29.20709,40.16025],[29.20786,40.16308],[29.20736,40.16597],[29.21018,40.17531],[29.20892,40.17708],[29.20497,40.17864],[29.20176,40.18113],[29.20152,40.18359],[29.20313,40.18559],[29.2028,40.18648],[29.2007,40.18754],[29.19451,40.18721],[29.19278,40.18771],[29.1923,40.1885],[29.19484,40.18793],[29.1941,40.18961],[29.19533,40.19017],[29.19531,40.19078],[29.19375,40.19083],[29.19325,40.19198],[29.19354,40.19354],[29.193,40.19647],[29.19233,40.19697],[29.19243,40.19897]]]}},{"type":"Feature","properties":{"ad":"Keles"},"geometry":{"type":"Polygon","coordinates":[[[29.08618,39.98156],[29.09931,39.98854],[29.10423,39.99384],[29.11778,40.00407],[29.11903,40.0077],[29.12226,40.00939],[29.12755,40.00809],[29.14363,39.99736],[29.14348,39.9945],[29.1509,39.98772],[29.15047,39.98523],[29.15558,39.98037],[29.16062,39.9815],[29.16413,39.98513],[29.17532,39.98014],[29.19384,39.98452],[29.19685,39.98391],[29.20128,39.98447],[29.2022,39.98706],[29.20066,39.98886],[29.2014,39.99258],[29.2086,39.99682],[29.20977,40.00125],[29.214,40.00604],[29.21411,40.00721],[29.21534,40.00729],[29.21531,40.00877],[29.21684,40.01044],[29.21744,40.01248],[29.22081,40.01527],[29.22288,40.01563],[29.22394,40.01717],[29.22519,40.02374],[29.23136,40.02928],[29.23861,40.03347],[29.24704,40.03446],[29.24704,40.03931],[29.24821,40.04176],[29.24784,40.0443],[29.24975,40.04689],[29.25399,40.0476],[29.2603,40.04752],[29.26843,40.04235],[29.28723,40.03458],[29.2971,40.03187],[29.29861,40.02197],[29.3033,40.01864],[29.30765,40.00878],[29.304,40.00132],[29.30713,39.99492],[29.31444,39.98706],[29.32122,39.98419],[29.32557,39.97712],[29.33757,39.96726],[29.34784,39.96373],[29.34993,39.96106],[29.35062,39.95806],[29.35567,39.95846],[29.35741,39.95772],[29.35776,39.95499],[29.35315,39.94786],[29.36741,39.94479],[29.36932,39.94212],[29.36898,39.93845],[29.36411,39.93252],[29.36428,39.92965],[29.36915,39.92451],[29.37359,39.91377],[29.37637,39.91531],[29.38237,39.90857],[29.3862,39.9077],[29.39377,39.90937],[29.40081,39.91304],[29.41447,39.9067],[29.42204,39.9095],[29.4296,39.91831],[29.43604,39.91571],[29.44865,39.9075],[29.45153,39.90657],[29.45335,39.90363],[29.4524,39.90089],[29.45318,39.89816],[29.44899,39.88643],[29.44908,39.87702],[29.44612,39.87315],[29.44038,39.86761],[29.44273,39.8592],[29.44194,39.84991],[29.43029,39.84056],[29.42837,39.84076],[29.42568,39.8437],[29.42115,39.84217],[29.4175,39.83736],[29.42194,39.83368],[29.42315,39.83068],[29.42539,39.81714],[29.41113,39.79968],[29.40199,39.79383],[29.3692,39.78701],[29.36411,39.7832],[29.35078,39.78035],[29.34225,39.776],[29.33624,39.778],[29.32508,39.77791],[29.32109,39.78051],[29.31646,39.77996],[29.31396,39.7828],[29.3126,39.78194],[29.32038,39.77039],[29.31319,39.76414],[29.30276,39.76121],[29.30021,39.75918],[29.28652,39.75769],[29.26443,39.74944],[29.26141,39.7465],[29.25939,39.73412],[29.25873,39.73406],[29.25868,39.73336],[29.25693,39.73311],[29.25771,39.7357],[29.2572,39.73569],[29.25706,39.73653],[29.2578,39.73795],[29.25689,39.73863],[29.25547,39.73899],[29.25065,39.73688],[29.24961,39.73696],[29.24676,39.7392],[29.2482,39.7405],[29.24809,39.74109],[29.25004,39.74166],[29.24666,39.74508],[29.24696,39.74742],[29.2451,39.74767],[29.24454,39.74368],[29.24131,39.74429],[29.24061,39.74511],[29.24197,39.74677],[29.24121,39.74913],[29.24047,39.75023],[29.23919,39.74947],[29.23821,39.75026],[29.23919,39.75096],[29.23905,39.75183],[29.2397,39.75181],[29.23932,39.75323],[29.23842,39.75305],[29.23498,39.75819],[29.23295,39.75836],[29.23122,39.75971],[29.22382,39.76049],[29.21929,39.76228],[29.2117,39.76213],[29.20834,39.76522],[29.208,39.76761],[29.2051,39.76776],[29.20332,39.76624],[29.20015,39.76608],[29.19804,39.76395],[29.18886,39.7668],[29.1762,39.76791],[29.17715,39.77093],[29.17563,39.77128],[29.17581,39.77234],[29.17389,39.77389],[29.17361,39.77644],[29.17117,39.78004],[29.16839,39.77958],[29.16635,39.77776],[29.1653,39.77915],[29.16671,39.79208],[29.1642,39.79502],[29.16298,39.79946],[29.16094,39.80203],[29.156,39.80167],[29.15464,39.80246],[29.1496,39.80648],[29.14639,39.81177],[29.14612,39.81543],[29.14925,39.81731],[29.14371,39.81831],[29.14076,39.81975],[29.1387,39.82286],[29.14018,39.82671],[29.13332,39.82687],[29.1313,39.82926],[29.13288,39.83157],[29.13152,39.83378],[29.12641,39.83594],[29.12526,39.83765],[29.11922,39.83967],[29.11772,39.84158],[29.11347,39.84388],[29.1128,39.84544],[29.11033,39.84602],[29.1082,39.84461],[29.10464,39.84532],[29.10498,39.84635],[29.10184,39.8484],[29.1023,39.8507],[29.10398,39.85041],[29.10594,39.85259],[29.10549,39.85533],[29.1025,39.85668],[29.10452,39.86048],[29.10397,39.86187],[29.1033,39.86158],[29.09943,39.86331],[29.09862,39.86222],[29.09086,39.86367],[29.09004,39.86913],[29.09214,39.87126],[29.09138,39.87217],[29.0915,39.87443],[29.09231,39.87537],[29.09187,39.87746],[29.09046,39.87752],[29.0888,39.88195],[29.08995,39.88242],[29.09169,39.88453],[29.09154,39.88768],[29.09235,39.88846],[29.09362,39.88845],[29.09295,39.89132],[29.09559,39.89394],[29.09547,39.896],[29.10131,39.89825],[29.10865,39.90264],[29.10797,39.90593],[29.11061,39.91268],[29.111,39.9168],[29.11539,39.9171],[29.12252,39.91964],[29.1259,39.9258],[29.12937,39.92797],[29.13855,39.92847],[29.14004,39.93066],[29.14265,39.93082],[29.14387,39.93029],[29.14812,39.93204],[29.1484,39.93325],[29.15169,39.93568],[29.15156,39.93699],[29.14921,39.93956],[29.14828,39.94237],[29.13996,39.94464],[29.13522,39.94922],[29.13312,39.95459],[29.13122,39.95745],[29.1326,39.95951],[29.13057,39.96343],[29.12526,39.96323],[29.11917,39.95976],[29.11091,39.95856],[29.10305,39.96217],[29.1024,39.96514],[29.08281,39.96624],[29.07502,39.96484],[29.08091,39.97201],[29.08589,39.97457],[29.08618,39.98156]]]}},{"type":"Feature","properties":{"ad":"Mustafakemalpaşa"},"geometry":{"type":"Polygon","coordinates":[[[28.19192,40.07428],[28.19912,40.07398],[28.21758,40.07993],[28.2562,40.09072],[28.28719,40.09014],[28.29146,40.09116],[28.29946,40.09072],[28.30322,40.08964],[28.31843,40.092],[28.35223,40.09935],[28.36922,40.10487],[28.37448,40.11028],[28.38865,40.11933],[28.42596,40.14831],[28.44551,40.17569],[28.44868,40.17532],[28.44882,40.17246],[28.44978,40.17257],[28.45146,40.17429],[28.45129,40.17631],[28.45479,40.17637],[28.4638,40.1799],[28.46795,40.18247],[28.47253,40.18159],[28.47549,40.19022],[28.54463,40.17835],[28.57634,40.16207],[28.63647,40.16799],[28.65642,40.16116],[28.67931,40.13696],[28.68171,40.1337],[28.67953,40.13187],[28.66795,40.12636],[28.66817,40.12419],[28.67057,40.1241],[28.67014,40.11592],[28.67112,40.11442],[28.68499,40.12035],[28.69427,40.11567],[28.70027,40.11609],[28.70191,40.11225],[28.7018,40.1064],[28.70027,40.10515],[28.70802,40.10005],[28.70366,40.08159],[28.72244,40.07257],[28.73488,40.0694],[28.74209,40.0694],[28.75126,40.06656],[28.75446,40.06413],[28.75401,40.06285],[28.76396,40.04923],[28.76095,40.04579],[28.76125,40.04415],[28.76223,40.04323],[28.76516,40.04281],[28.7665,40.04068],[28.769,40.03936],[28.76916,40.03469],[28.76847,40.03132],[28.77032,40.02716],[28.76923,40.02465],[28.76368,40.02082],[28.76277,40.01873],[28.76067,40.01664],[28.76111,40.01504],[28.7628,40.01254],[28.76413,40.01237],[28.76626,40.01322],[28.76609,40.01511],[28.76681,40.01598],[28.76905,40.01542],[28.77706,40.00161],[28.79599,40.0021],[28.79736,39.99548],[28.79326,39.99101],[28.79354,39.98369],[28.78525,39.97051],[28.7827,39.96988],[28.7776,39.96534],[28.77442,39.96527],[28.77205,39.96102],[28.76158,39.94916],[28.75284,39.94615],[28.72453,39.93108],[28.73072,39.92235],[28.73154,39.90825],[28.73154,39.89805],[28.7259,39.89631],[28.72726,39.89491],[28.72535,39.89163],[28.72872,39.89184],[28.73127,39.88618],[28.72863,39.88436],[28.73182,39.88031],[28.73737,39.87745],[28.73436,39.87088],[28.73719,39.87151],[28.73901,39.87109],[28.74356,39.87228],[28.74802,39.8699],[28.75403,39.87081],[28.75649,39.87354],[28.75867,39.87389],[28.75958,39.87011],[28.76177,39.86816],[28.76167,39.86648],[28.76714,39.86424],[28.76705,39.8625],[28.76131,39.85837],[28.76149,39.85481],[28.76003,39.85357],[28.76367,39.85279],[28.76297,39.84612],[28.76819,39.84621],[28.7737,39.8427],[28.77387,39.83625],[28.77237,39.83222],[28.76921,39.83061],[28.76824,39.82865],[28.77199,39.82542],[28.77432,39.82168],[28.77507,39.81615],[28.77124,39.8124],[28.76794,39.81234],[28.76561,39.81488],[28.76141,39.8162],[28.76081,39.8177],[28.75841,39.81822],[28.75301,39.82104],[28.74994,39.8211],[28.73794,39.81643],[28.72249,39.81678],[28.71874,39.81592],[28.70749,39.81649],[28.70344,39.81805],[28.69115,39.82627],[28.68901,39.82574],[28.68477,39.8266],[28.6866,39.82357],[28.69166,39.81894],[28.69168,39.81594],[28.69251,39.81335],[28.69153,39.81172],[28.69364,39.81076],[28.69454,39.80799],[28.69517,39.80215],[28.69744,39.79788],[28.70222,39.79544],[28.70265,39.79333],[28.7014,39.79071],[28.70497,39.78872],[28.70575,39.78586],[28.71135,39.78017],[28.71872,39.77773],[28.72354,39.77451],[28.7295,39.76797],[28.72997,39.76583],[28.72774,39.76424],[28.72573,39.7615],[28.72539,39.75993],[28.71836,39.75021],[28.69241,39.76235],[28.66939,39.77585],[28.64673,39.7733],[28.63323,39.77091],[28.60692,39.76368],[28.58032,39.75974],[28.56289,39.75238],[28.52739,39.75386],[28.51333,39.75999],[28.5,39.76804],[28.49166,39.77527],[28.48805,39.77749],[28.49201,39.7945],[28.48348,39.80953],[28.45111,39.81333],[28.44988,39.82538],[28.44987,39.84851],[28.43573,39.85955],[28.42854,39.86156],[28.40633,39.85663],[28.37646,39.85508],[28.36246,39.8577],[28.33268,39.86525],[28.33836,39.87607],[28.32647,39.88983],[28.31595,39.89796],[28.2984,39.90428],[28.28754,39.91121],[28.26604,39.92889],[28.25444,39.96527],[28.25277,39.96832],[28.23797,39.9787],[28.22679,39.97791],[28.21867,39.98202],[28.21154,39.98684],[28.20556,39.99357],[28.20036,40.01062],[28.19427,40.02563],[28.19833,40.03471],[28.19138,40.0386],[28.18861,40.0411],[28.19691,40.05992],[28.19192,40.07428]]]}},{"type":"Feature","properties":{"ad":"Karacabey"},"geometry":{"type":"Polygon","coordinates":[[[28.08768,40.25214],[28.09455,40.25519],[28.09879,40.25636],[28.10293,40.26024],[28.1063,40.26626],[28.10852,40.26627],[28.11137,40.26382],[28.11398,40.26016],[28.11794,40.26125],[28.11994,40.26358],[28.12118,40.26642],[28.12725,40.26348],[28.13128,40.26301],[28.13031,40.25994],[28.13078,40.25753],[28.1337,40.25681],[28.13475,40.25414],[28.13779,40.2519],[28.14061,40.2519],[28.14298,40.25114],[28.14996,40.24633],[28.1552,40.24448],[28.15581,40.24547],[28.15819,40.24596],[28.16038,40.24963],[28.16641,40.24819],[28.16739,40.24873],[28.16828,40.25381],[28.16922,40.25579],[28.16816,40.25904],[28.16954,40.262],[28.17035,40.26189],[28.17161,40.26298],[28.17138,40.2649],[28.17044,40.2651],[28.17068,40.26827],[28.17418,40.26913],[28.17307,40.27161],[28.17348,40.27315],[28.17199,40.27476],[28.17011,40.2791],[28.16996,40.28221],[28.17135,40.29101],[28.16998,40.29318],[28.17046,40.2937],[28.1662,40.29913],[28.16612,40.30079],[28.16728,40.30457],[28.1727,40.31078],[28.17589,40.3102],[28.17612,40.311],[28.1791,40.31252],[28.17974,40.31408],[28.1814,40.31371],[28.1822,40.31452],[28.18453,40.31451],[28.18836,40.316],[28.19104,40.31568],[28.19104,40.31494],[28.19165,40.3148],[28.19267,40.31498],[28.19522,40.3226],[28.19345,40.32405],[28.19477,40.32644],[28.19758,40.32798],[28.1987,40.33239],[28.20218,40.33403],[28.2058,40.33824],[28.20955,40.33992],[28.2109,40.34011],[28.21192,40.33833],[28.21008,40.33474],[28.21388,40.33664],[28.21566,40.33662],[28.21585,40.33603],[28.21644,40.33675],[28.21837,40.33717],[28.21968,40.33909],[28.22424,40.34117],[28.22788,40.34488],[28.22884,40.34679],[28.2294,40.34662],[28.23191,40.34949],[28.23518,40.35166],[28.23568,40.35301],[28.23402,40.35921],[28.23502,40.36301],[28.2324,40.37011],[28.23405,40.37167],[28.23351,40.37344],[28.2338,40.37582],[28.23214,40.37832],[28.23309,40.37942],[28.23248,40.38106],[28.23266,40.38393],[28.23393,40.3863],[28.23141,40.39043],[28.23381,40.39463],[28.23257,40.39687],[28.23346,40.39766],[28.23322,40.40015],[28.24542,40.40165],[28.2482,40.40081],[28.25065,40.4017],[28.2546,40.40109],[28.25659,40.40168],[28.25849,40.40093],[28.26264,40.40147],[28.26652,40.40033],[28.27003,40.40074],[28.27357,40.39954],[28.27623,40.39966],[28.28223,40.39805],[28.28531,40.39835],[28.28645,40.40033],[28.286,40.39923],[28.28877,40.39889],[28.28621,40.39907],[28.28544,40.39788],[28.28778,40.39734],[28.28854,40.39807],[28.28937,40.39736],[28.29022,40.39999],[28.28619,40.40161],[28.29049,40.40014],[28.29008,40.39798],[28.29058,40.39755],[28.29866,40.39596],[28.3081,40.39771],[28.31203,40.39751],[28.31496,40.39843],[28.32307,40.39809],[28.33093,40.40095],[28.33292,40.40066],[28.33587,40.40135],[28.33654,40.40077],[28.34043,40.40163],[28.34434,40.40148],[28.35193,40.39977],[28.35274,40.4003],[28.35269,40.39984],[28.35472,40.39926],[28.35588,40.39906],[28.35607,40.39962],[28.35623,40.39907],[28.35963,40.39829],[28.36026,40.39892],[28.36158,40.39806],[28.36572,40.39817],[28.36741,40.39895],[28.3683,40.40054],[28.36846,40.39806],[28.37172,40.3984],[28.37145,40.40088],[28.36692,40.40138],[28.36708,40.40184],[28.37147,40.40128],[28.37216,40.39906],[28.37765,40.39769],[28.38912,40.39577],[28.4056,40.39424],[28.42474,40.39371],[28.47483,40.39566],[28.50859,40.3944],[28.51236,40.39361],[28.51515,40.39403],[28.55099,40.38215],[28.54939,40.37771],[28.54714,40.37385],[28.54051,40.37324],[28.53892,40.36391],[28.53743,40.36215],[28.53973,40.358],[28.54775,40.35033],[28.5538,40.35272],[28.558,40.35279],[28.57153,40.34907],[28.57178,40.34844],[28.56823,40.34689],[28.5691,40.34524],[28.57265,40.34551],[28.5746,40.34443],[28.57468,40.34338],[28.57558,40.34276],[28.57374,40.33895],[28.56484,40.33336],[28.56115,40.32891],[28.55797,40.32721],[28.54939,40.32008],[28.54836,40.31726],[28.55042,40.31373],[28.55139,40.31326],[28.55087,40.31216],[28.55541,40.30806],[28.55842,40.30705],[28.55832,40.30562],[28.56036,40.3018],[28.56184,40.30229],[28.56292,40.30626],[28.56489,40.30627],[28.56513,40.30568],[28.56315,40.3049],[28.56439,40.3033],[28.56687,40.30369],[28.5688,40.30595],[28.56999,40.30565],[28.5774,40.30668],[28.57651,40.30923],[28.57941,40.30895],[28.57985,40.30698],[28.58403,40.30552],[28.58436,40.30625],[28.58327,40.30924],[28.58433,40.31079],[28.58558,40.31112],[28.5861,40.30982],[28.58742,40.30948],[28.58835,40.31108],[28.59065,40.31119],[28.59158,40.31349],[28.59398,40.31531],[28.59478,40.31481],[28.59454,40.31397],[28.59516,40.31324],[28.5983,40.3125],[28.59679,40.31112],[28.59709,40.30944],[28.59982,40.30896],[28.60146,40.31041],[28.607,40.31141],[28.60791,40.30758],[28.60921,40.30784],[28.60955,40.30661],[28.61084,40.3064],[28.61327,40.30755],[28.61524,40.30755],[28.61771,40.30989],[28.61791,40.31034],[28.61603,40.31065],[28.61651,40.31251],[28.6179,40.31363],[28.61499,40.31429],[28.61484,40.31511],[28.61562,40.31586],[28.62308,40.31448],[28.62514,40.31537],[28.62659,40.31488],[28.62765,40.31401],[28.62814,40.31168],[28.62743,40.31018],[28.62596,40.30987],[28.62639,40.30891],[28.62411,40.30736],[28.62344,40.30606],[28.62304,40.30472],[28.62443,40.30322],[28.62328,40.30165],[28.62432,40.30046],[28.62348,40.29819],[28.6248,40.29733],[28.62588,40.29767],[28.62753,40.29999],[28.62659,40.30183],[28.62801,40.30239],[28.6279,40.3012],[28.62992,40.30151],[28.63185,40.30053],[28.63001,40.29814],[28.6329,40.29782],[28.63192,40.29696],[28.63333,40.2955],[28.6407,40.29485],[28.64262,40.29533],[28.64469,40.29423],[28.64649,40.292],[28.64871,40.29162],[28.65056,40.28955],[28.64727,40.2882],[28.64732,40.28547],[28.65035,40.28421],[28.65103,40.2852],[28.65373,40.28447],[28.65349,40.28271],[28.65247,40.28298],[28.65163,40.28228],[28.6499,40.28214],[28.64939,40.27735],[28.65047,40.27602],[28.65324,40.27628],[28.65261,40.27909],[28.65766,40.27844],[28.66176,40.27568],[28.66305,40.27116],[28.66292,40.26767],[28.66449,40.26634],[28.66494,40.26384],[28.66449,40.25825],[28.66822,40.25274],[28.66957,40.24585],[28.66788,40.24456],[28.67103,40.24189],[28.67555,40.24164],[28.67859,40.24034],[28.68502,40.23931],[28.68389,40.2313],[28.68389,40.22312],[28.68581,40.22183],[28.68389,40.21925],[28.68141,40.21856],[28.68242,40.21598],[28.68108,40.21237],[28.68118,40.21004],[28.67853,40.20935],[28.67761,40.2064],[28.67489,40.20516],[28.67563,40.2032],[28.67113,40.19149],[28.66943,40.17044],[28.66636,40.16531],[28.65642,40.16116],[28.63647,40.16799],[28.57634,40.16207],[28.54463,40.17835],[28.47549,40.19022],[28.47253,40.18159],[28.46795,40.18247],[28.4638,40.1799],[28.45479,40.17637],[28.45129,40.17631],[28.45146,40.17429],[28.44978,40.17257],[28.44882,40.17246],[28.44868,40.17532],[28.44551,40.17569],[28.42596,40.14831],[28.38865,40.11933],[28.37448,40.11028],[28.36922,40.10487],[28.35223,40.09935],[28.31843,40.092],[28.30322,40.08964],[28.29946,40.09072],[28.29146,40.09116],[28.28719,40.09014],[28.2562,40.09072],[28.21758,40.07993],[28.19912,40.07398],[28.19192,40.07428],[28.1839,40.07955],[28.17553,40.08979],[28.17465,40.08987],[28.16974,40.09348],[28.17051,40.09382],[28.1681,40.09569],[28.16861,40.09651],[28.16671,40.09715],[28.16668,40.10103],[28.16417,40.10523],[28.1618,40.10718],[28.15703,40.10793],[28.15073,40.10633],[28.14857,40.10667],[28.13565,40.11471],[28.13606,40.11577],[28.13557,40.11758],[28.13026,40.1209],[28.13032,40.12269],[28.13356,40.12738],[28.13389,40.12963],[28.13237,40.13659],[28.13501,40.13916],[28.14884,40.14619],[28.14698,40.14765],[28.13952,40.14922],[28.14007,40.15136],[28.13771,40.15415],[28.13626,40.1576],[28.13325,40.16051],[28.13225,40.16256],[28.13123,40.16224],[28.12894,40.16519],[28.12626,40.1668],[28.13221,40.16797],[28.12282,40.17558],[28.1175,40.17882],[28.11947,40.18068],[28.12372,40.18259],[28.12504,40.18415],[28.13183,40.18646],[28.13831,40.18629],[28.14171,40.18507],[28.14193,40.18813],[28.14056,40.19316],[28.14135,40.19518],[28.13863,40.1961],[28.13541,40.20447],[28.12989,40.20307],[28.12888,40.2036],[28.12728,40.20176],[28.12615,40.20247],[28.12546,40.20201],[28.12433,40.20291],[28.12533,40.20412],[28.11892,40.20349],[28.11961,40.20476],[28.11754,40.20576],[28.11464,40.20845],[28.11395,40.2101],[28.11472,40.2121],[28.11805,40.21423],[28.1184,40.21566],[28.1167,40.21623],[28.11827,40.21885],[28.11803,40.22051],[28.1202,40.22535],[28.11996,40.22672],[28.11395,40.22674],[28.11043,40.22804],[28.10553,40.22815],[28.10419,40.2314],[28.09842,40.23519],[28.09905,40.23659],[28.09658,40.23703],[28.09367,40.23665],[28.09281,40.23718],[28.0931,40.23771],[28.09133,40.23866],[28.09206,40.24027],[28.09397,40.241],[28.0947,40.24204],[28.09239,40.24262],[28.09145,40.24148],[28.09045,40.24148],[28.08875,40.24368],[28.08768,40.25214]]]}},{"type":"Feature","properties":{"ad":"Orhaneli"},"geometry":{"type":"Polygon","coordinates":[[[28.73154,39.89805],[28.73072,39.92235],[28.72453,39.93108],[28.75284,39.94615],[28.76158,39.94916],[28.77205,39.96102],[28.77442,39.96527],[28.7776,39.96534],[28.7827,39.96988],[28.78525,39.97051],[28.79354,39.98369],[28.79326,39.99101],[28.79736,39.99548],[28.79599,40.0021],[28.77706,40.00161],[28.76905,40.01542],[28.76681,40.01598],[28.76609,40.01511],[28.76626,40.01322],[28.76413,40.01237],[28.7628,40.01254],[28.76111,40.01504],[28.76067,40.01664],[28.76277,40.01873],[28.76368,40.02082],[28.76923,40.02465],[28.77032,40.02716],[28.76847,40.03132],[28.76916,40.03469],[28.769,40.03936],[28.7665,40.04068],[28.76516,40.04281],[28.76223,40.04323],[28.76125,40.04415],[28.76095,40.04579],[28.76396,40.04923],[28.75401,40.06285],[28.75446,40.06413],[28.75979,40.0656],[28.75997,40.07202],[28.76125,40.07389],[28.76389,40.0764],[28.77067,40.07999],[28.7746,40.07987],[28.77839,40.08235],[28.78163,40.08276],[28.78943,40.08034],[28.79754,40.0804],[28.8017,40.0788],[28.81112,40.07727],[28.81699,40.08087],[28.81946,40.08146],[28.82162,40.08371],[28.8251,40.083],[28.82849,40.08589],[28.83058,40.084],[28.83436,40.08406],[28.83992,40.08589],[28.84633,40.08595],[28.85752,40.08465],[28.86061,40.08359],[28.86308,40.08477],[28.8708,40.08477],[28.88061,40.08123],[28.88285,40.07857],[28.88655,40.07703],[28.89126,40.07402],[28.89644,40.07414],[28.90099,40.07945],[28.90369,40.08093],[28.90501,40.08324],[28.91026,40.08589],[28.91358,40.08501],[28.91666,40.0853],[28.92657,40.08241],[28.92678,40.0804],[28.9263,40.07991],[28.92354,40.08091],[28.92432,40.07847],[28.92292,40.07677],[28.92335,40.07575],[28.92627,40.07464],[28.9288,40.07665],[28.92977,40.07631],[28.92798,40.07472],[28.92943,40.07104],[28.9287,40.06971],[28.92882,40.06695],[28.92688,40.06436],[28.92666,40.06156],[28.92576,40.06026],[28.92135,40.05826],[28.93621,40.05199],[28.93494,40.05554],[28.93793,40.0556],[28.93838,40.05342],[28.95089,40.05353],[28.9607,40.04264],[28.96257,40.0419],[28.98099,40.04528],[28.98426,40.04844],[28.98977,40.04799],[29.0002,40.04925],[29.00438,40.05067],[29.01216,40.0512],[29.01545,40.04852],[29.01778,40.05099],[29.02111,40.05221],[29.02588,40.04832],[29.02418,40.04694],[29.02519,40.04301],[29.03213,40.04572],[29.03806,40.04191],[29.04055,40.04102],[29.04574,40.04086],[29.04563,40.04378],[29.05399,40.04533],[29.05749,40.04865],[29.05733,40.05046],[29.05864,40.05143],[29.06239,40.04917],[29.06274,40.04749],[29.06643,40.04756],[29.06713,40.04636],[29.06907,40.04648],[29.06971,40.04348],[29.07104,40.04236],[29.07157,40.03999],[29.07828,40.03076],[29.07818,40.02703],[29.07908,40.02306],[29.07728,40.01754],[29.07971,40.01645],[29.0781,40.01551],[29.07206,40.01412],[29.07138,40.01226],[29.07244,40.01095],[29.06952,40.00859],[29.06914,40.00449],[29.06978,40.00295],[29.07331,40.0008],[29.07874,39.99513],[29.07882,39.99251],[29.07783,39.99073],[29.07969,39.98704],[29.08241,39.98665],[29.08618,39.98156],[29.08589,39.97457],[29.08091,39.97201],[29.07502,39.96484],[29.08281,39.96624],[29.1024,39.96514],[29.10305,39.96217],[29.11091,39.95856],[29.11917,39.95976],[29.12526,39.96323],[29.13057,39.96343],[29.1326,39.95951],[29.13122,39.95745],[29.13312,39.95459],[29.13522,39.94922],[29.13996,39.94464],[29.14828,39.94237],[29.14921,39.93956],[29.15156,39.93699],[29.15169,39.93568],[29.1484,39.93325],[29.14812,39.93204],[29.14387,39.93029],[29.14265,39.93082],[29.14004,39.93066],[29.13855,39.92847],[29.12937,39.92797],[29.1259,39.9258],[29.12252,39.91964],[29.11539,39.9171],[29.111,39.9168],[29.11061,39.91268],[29.10797,39.90593],[29.10865,39.90264],[29.10131,39.89825],[29.09547,39.896],[29.09559,39.89394],[29.09295,39.89132],[29.09362,39.88845],[29.09235,39.88846],[29.09154,39.88768],[29.09169,39.88453],[29.08995,39.88242],[29.0888,39.88195],[29.09046,39.87752],[29.09187,39.87746],[29.09231,39.87537],[29.0915,39.87443],[29.09138,39.87217],[29.09214,39.87126],[29.09004,39.86913],[29.09086,39.86367],[29.09862,39.86222],[29.09943,39.86331],[29.1033,39.86158],[29.10397,39.86187],[29.10452,39.86048],[29.1025,39.85668],[29.10549,39.85533],[29.10594,39.85259],[29.10398,39.85041],[29.1023,39.8507],[29.10184,39.8484],[29.10498,39.84635],[29.10464,39.84532],[29.1082,39.84461],[29.11033,39.84602],[29.1128,39.84544],[29.11347,39.84388],[29.11772,39.84158],[29.11922,39.83967],[29.12526,39.83765],[29.12641,39.83594],[29.13152,39.83378],[29.13288,39.83157],[29.1313,39.82926],[29.13332,39.82687],[29.14018,39.82671],[29.1387,39.82286],[29.14076,39.81975],[29.14371,39.81831],[29.14925,39.81731],[29.14612,39.81543],[29.14639,39.81177],[29.1496,39.80648],[29.14724,39.80428],[29.14853,39.80292],[29.15116,39.80164],[29.15066,39.7986],[29.14909,39.79504],[29.14751,39.79435],[29.14217,39.78924],[29.13866,39.78733],[29.13752,39.78514],[29.13542,39.78427],[29.13452,39.78112],[29.13148,39.78021],[29.13091,39.77951],[29.13123,39.77699],[29.12818,39.77642],[29.12773,39.77478],[29.12443,39.77524],[29.12255,39.77445],[29.11992,39.77535],[29.11799,39.77475],[29.11514,39.77619],[29.11355,39.77502],[29.11124,39.77546],[29.10915,39.7746],[29.10685,39.77493],[29.10503,39.77442],[29.10249,39.77517],[29.10087,39.77682],[29.09669,39.77641],[29.09635,39.77512],[29.10491,39.75978],[29.09067,39.7524],[29.08399,39.75423],[29.08052,39.75109],[29.07446,39.74098],[29.08205,39.72724],[29.08151,39.7248],[29.07779,39.72535],[29.07517,39.72347],[29.07286,39.72334],[29.06516,39.72081],[29.06424,39.71954],[29.06508,39.71835],[29.06976,39.7176],[29.07615,39.7136],[29.08163,39.71457],[29.08287,39.71381],[29.07945,39.71098],[29.07454,39.71053],[29.07107,39.70846],[29.05595,39.71291],[29.04831,39.72012],[29.04327,39.72284],[29.02119,39.72874],[29.01988,39.73385],[29.01316,39.73379],[29.01078,39.74085],[29.01398,39.74967],[29.01389,39.75553],[29.0148,39.76145],[29.0043,39.76372],[28.99848,39.76593],[28.99816,39.76486],[29.00209,39.76189],[29.00266,39.75988],[29.00037,39.7583],[28.98922,39.75824],[28.98094,39.76271],[28.97471,39.76498],[28.97062,39.76901],[28.98234,39.77424],[28.98521,39.78832],[28.98139,39.78848],[28.97619,39.78709],[28.97303,39.78539],[28.97115,39.78564],[28.96898,39.78473],[28.95787,39.78438],[28.95482,39.78575],[28.95057,39.78459],[28.9436,39.78406],[28.94356,39.79099],[28.94487,39.79603],[28.94176,39.80944],[28.94496,39.81334],[28.9452,39.81977],[28.94799,39.82581],[28.94323,39.82619],[28.93135,39.82424],[28.92635,39.82505],[28.92299,39.82751],[28.91545,39.82776],[28.91545,39.83834],[28.90471,39.83777],[28.90414,39.84419],[28.90799,39.84538],[28.9075,39.84752],[28.90815,39.84891],[28.91028,39.84922],[28.91209,39.85426],[28.91414,39.8552],[28.91332,39.85759],[28.91069,39.8603],[28.91061,39.862],[28.89045,39.86281],[28.87332,39.86546],[28.86889,39.8669],[28.8675,39.87024],[28.86537,39.87156],[28.86438,39.87363],[28.8597,39.87626],[28.85217,39.87669],[28.84643,39.87472],[28.83896,39.86899],[28.84551,39.86636],[28.84765,39.86218],[28.8473,39.85533],[28.84261,39.84549],[28.83287,39.83535],[28.83078,39.82627],[28.82696,39.82449],[28.81421,39.83054],[28.80725,39.82947],[28.80215,39.83277],[28.79419,39.83256],[28.79172,39.83469],[28.79014,39.83331],[28.78781,39.83447],[28.78882,39.8398],[28.78477,39.84327],[28.78117,39.84416],[28.77572,39.84354],[28.7737,39.8427],[28.76819,39.84621],[28.76297,39.84612],[28.76367,39.85279],[28.76003,39.85357],[28.76149,39.85481],[28.76131,39.85837],[28.76705,39.8625],[28.76714,39.86424],[28.76167,39.86648],[28.76177,39.86816],[28.75958,39.87011],[28.75867,39.87389],[28.75649,39.87354],[28.75403,39.87081],[28.74802,39.8699],[28.74356,39.87228],[28.73901,39.87109],[28.73719,39.87151],[28.73436,39.87088],[28.73737,39.87745],[28.73182,39.88031],[28.72863,39.88436],[28.73127,39.88618],[28.72872,39.89184],[28.72535,39.89163],[28.72726,39.89491],[28.7259,39.89631],[28.73154,39.89805]]]}},{"type":"Feature","properties":{"ad":"Nilüfer"},"geometry":{"type":"Polygon","coordinates":[[[28.65642,40.16116],[28.66636,40.16531],[28.66943,40.17044],[28.67113,40.19149],[28.67563,40.2032],[28.67489,40.20516],[28.67761,40.2064],[28.67853,40.20935],[28.68118,40.21004],[28.68108,40.21237],[28.68242,40.21598],[28.68141,40.21856],[28.68389,40.21925],[28.68581,40.22183],[28.68389,40.22312],[28.68389,40.2313],[28.68502,40.23931],[28.67859,40.24034],[28.67555,40.24164],[28.67103,40.24189],[28.66788,40.24456],[28.66957,40.24585],[28.66822,40.25274],[28.66449,40.25825],[28.66494,40.26384],[28.66449,40.26634],[28.66292,40.26767],[28.66275,40.26909],[28.67093,40.27153],[28.67312,40.27459],[28.67803,40.27745],[28.68179,40.27853],[28.68309,40.28051],[28.6818,40.28406],[28.68401,40.28392],[28.68579,40.28273],[28.68656,40.27877],[28.68876,40.2782],[28.69001,40.27638],[28.6899,40.27484],[28.69198,40.27029],[28.69308,40.27342],[28.69815,40.27433],[28.69664,40.27861],[28.70172,40.28127],[28.70606,40.27986],[28.70557,40.2783],[28.71079,40.27467],[28.71148,40.27164],[28.71605,40.27136],[28.71957,40.27418],[28.72307,40.27317],[28.73495,40.27273],[28.73633,40.27957],[28.7409,40.28253],[28.74206,40.28467],[28.74041,40.28754],[28.73764,40.2952],[28.73908,40.29988],[28.74215,40.30149],[28.75238,40.29965],[28.75123,40.28988],[28.75274,40.28823],[28.75206,40.28577],[28.74985,40.28265],[28.75147,40.28065],[28.75863,40.2796],[28.76139,40.27794],[28.7632,40.27869],[28.76567,40.27681],[28.76324,40.27503],[28.76534,40.27327],[28.76406,40.27139],[28.7651,40.27003],[28.76797,40.27208],[28.76994,40.27095],[28.7676,40.26998],[28.76998,40.26986],[28.77125,40.26644],[28.77368,40.26757],[28.77612,40.26592],[28.77544,40.26453],[28.78033,40.26284],[28.7816,40.26453],[28.78497,40.26309],[28.78966,40.26471],[28.79244,40.26447],[28.79261,40.26202],[28.79487,40.26119],[28.79688,40.26136],[28.79717,40.26331],[28.80004,40.26321],[28.80141,40.26392],[28.80168,40.2657],[28.80286,40.26619],[28.80521,40.26459],[28.80804,40.26495],[28.8096,40.26392],[28.8122,40.26449],[28.81369,40.26383],[28.81373,40.26267],[28.81087,40.26119],[28.8095,40.26155],[28.80904,40.26066],[28.8105,40.26008],[28.80987,40.25891],[28.8111,40.25714],[28.81256,40.25696],[28.81306,40.25853],[28.81552,40.25919],[28.81901,40.25734],[28.81938,40.25911],[28.81814,40.26044],[28.82104,40.26147],[28.82134,40.2635],[28.82347,40.26447],[28.824,40.26415],[28.82359,40.26261],[28.82759,40.25827],[28.82997,40.25952],[28.82956,40.26014],[28.83021,40.26104],[28.82925,40.26152],[28.82897,40.26342],[28.83071,40.26347],[28.83269,40.26452],[28.83501,40.26322],[28.8349,40.26059],[28.83633,40.26055],[28.83646,40.26126],[28.83943,40.26053],[28.8412,40.26074],[28.84086,40.26258],[28.84541,40.26275],[28.84587,40.26547],[28.84864,40.26644],[28.84927,40.26729],[28.84931,40.26786],[28.84803,40.26746],[28.84772,40.26897],[28.84658,40.26927],[28.84646,40.27052],[28.84549,40.27104],[28.84559,40.27211],[28.84908,40.27172],[28.8518,40.27472],[28.85431,40.27485],[28.85831,40.27373],[28.86105,40.27196],[28.86256,40.27313],[28.86199,40.27397],[28.8628,40.27673],[28.8663,40.27647],[28.86751,40.27757],[28.86709,40.27919],[28.86845,40.27982],[28.86971,40.27925],[28.87001,40.27783],[28.8715,40.2783],[28.87392,40.27714],[28.87437,40.27891],[28.87567,40.27944],[28.87682,40.27878],[28.87699,40.27699],[28.87888,40.2777],[28.88141,40.27611],[28.88301,40.27358],[28.88498,40.27371],[28.88495,40.27541],[28.88279,40.27769],[28.88366,40.27872],[28.88555,40.27894],[28.88878,40.28097],[28.89189,40.27953],[28.89127,40.27741],[28.89167,40.27687],[28.89375,40.27621],[28.89669,40.27762],[28.89923,40.27463],[28.90242,40.27492],[28.90444,40.2737],[28.90942,40.27251],[28.91122,40.2735],[28.91165,40.27448],[28.91447,40.27387],[28.916,40.27449],[28.91893,40.27432],[28.92188,40.2763],[28.92342,40.27504],[28.92591,40.27498],[28.92782,40.27654],[28.93038,40.2772],[28.92957,40.27871],[28.92999,40.27994],[28.93257,40.28054],[28.93376,40.27815],[28.93455,40.27817],[28.93603,40.27989],[28.94806,40.26894],[28.95322,40.25551],[28.95532,40.25224],[28.99028,40.2268],[29.0036,40.21352],[29.00965,40.21316],[29.0052,40.20898],[28.99951,40.2053],[28.99618,40.19491],[28.99829,40.19309],[28.99906,40.19121],[28.99848,40.18557],[28.99647,40.18325],[28.99458,40.18297],[28.99351,40.18198],[28.99151,40.18228],[28.98916,40.18079],[28.98738,40.18174],[28.98761,40.18006],[28.98638,40.17823],[28.98684,40.17666],[28.98245,40.17667],[28.98,40.17548],[28.97995,40.17145],[28.9775,40.1671],[28.97798,40.16589],[28.9768,40.16272],[28.97811,40.15794],[28.97526,40.15163],[28.97491,40.14924],[28.9733,40.14674],[28.97237,40.14778],[28.97023,40.14499],[28.96659,40.14349],[28.96611,40.14105],[28.96463,40.13833],[28.96455,40.13651],[28.95977,40.13737],[28.9569,40.1369],[28.95565,40.13806],[28.9547,40.14087],[28.95201,40.14082],[28.9507,40.14144],[28.94934,40.14034],[28.94904,40.13815],[28.94746,40.13574],[28.94661,40.13288],[28.94284,40.13175],[28.94039,40.13009],[28.93757,40.13032],[28.93527,40.12772],[28.93089,40.12747],[28.93138,40.12671],[28.93088,40.12505],[28.92867,40.12387],[28.92749,40.122],[28.93152,40.11565],[28.92698,40.10647],[28.92147,40.10038],[28.92417,40.09766],[28.92502,40.09485],[28.92049,40.09316],[28.92343,40.08979],[28.92657,40.08241],[28.91666,40.0853],[28.91358,40.08501],[28.91026,40.08589],[28.90501,40.08324],[28.90369,40.08093],[28.90099,40.07945],[28.89644,40.07414],[28.89126,40.07402],[28.88655,40.07703],[28.88285,40.07857],[28.88061,40.08123],[28.8708,40.08477],[28.86308,40.08477],[28.86061,40.08359],[28.85752,40.08465],[28.84633,40.08595],[28.83992,40.08589],[28.83436,40.08406],[28.83058,40.084],[28.82849,40.08589],[28.8251,40.083],[28.82162,40.08371],[28.81946,40.08146],[28.81699,40.08087],[28.81112,40.07727],[28.8017,40.0788],[28.79754,40.0804],[28.78943,40.08034],[28.78163,40.08276],[28.77839,40.08235],[28.7746,40.07987],[28.77067,40.07999],[28.76389,40.0764],[28.75997,40.07202],[28.75979,40.0656],[28.75446,40.06413],[28.75126,40.06656],[28.74209,40.0694],[28.73488,40.0694],[28.72244,40.07257],[28.70366,40.08159],[28.70802,40.10005],[28.70027,40.10515],[28.7018,40.1064],[28.70191,40.11225],[28.70027,40.11609],[28.69427,40.11567],[28.68499,40.12035],[28.67112,40.11442],[28.67014,40.11592],[28.67057,40.1241],[28.66817,40.12419],[28.66795,40.12636],[28.67953,40.13187],[28.68171,40.1337],[28.67931,40.13696],[28.65642,40.16116]]]}},{"type":"Feature","properties":{"ad":"Mudanya"},"geometry":{"type":"MultiPolygon","coordinates":[[[[28.55099,40.38215],[28.57713,40.37446],[28.60212,40.36898],[28.63201,40.36446],[28.63478,40.36517],[28.63569,40.36381],[28.63774,40.36295],[28.64812,40.36203],[28.64987,40.36253],[28.65305,40.36128],[28.66082,40.3611],[28.67058,40.36243],[28.67446,40.36393],[28.67717,40.36577],[28.67809,40.36773],[28.67747,40.36937],[28.67686,40.36994],[28.67558,40.36844],[28.6758,40.36926],[28.67705,40.37014],[28.67717,40.37122],[28.67641,40.37203],[28.67421,40.37253],[28.67443,40.37342],[28.67547,40.37348],[28.67564,40.37461],[28.67792,40.37425],[28.67946,40.37465],[28.67948,40.37517],[28.68115,40.37476],[28.6929,40.3751],[28.69967,40.37731],[28.71073,40.37638],[28.71782,40.37807],[28.72283,40.37765],[28.7237,40.37811],[28.72356,40.37914],[28.72574,40.37911],[28.7258,40.38167],[28.72734,40.38281],[28.73204,40.38286],[28.73269,40.38183],[28.73539,40.38243],[28.73677,40.38395],[28.73812,40.38406],[28.73917,40.38597],[28.74143,40.38562],[28.74153,40.38661],[28.74862,40.38788],[28.75082,40.38929],[28.75372,40.39011],[28.7564,40.38981],[28.76314,40.39099],[28.76777,40.39334],[28.77132,40.39422],[28.77831,40.39434],[28.78255,40.39338],[28.79653,40.39424],[28.79945,40.39296],[28.80099,40.39338],[28.80332,40.39259],[28.80089,40.39317],[28.80006,40.39276],[28.80132,40.39171],[28.80191,40.39219],[28.80231,40.39132],[28.80395,40.39103],[28.81117,40.3917],[28.81309,40.39083],[28.81488,40.39107],[28.81947,40.38829],[28.82421,40.38708],[28.82555,40.38598],[28.82734,40.38621],[28.82879,40.38538],[28.82903,40.38499],[28.82819,40.38532],[28.82833,40.38468],[28.82937,40.38373],[28.83648,40.38369],[28.83679,40.38292],[28.84099,40.38263],[28.84214,40.38156],[28.84659,40.38175],[28.84773,40.38082],[28.85286,40.38112],[28.85982,40.38421],[28.86557,40.3854],[28.87355,40.38354],[28.8698,40.38416],[28.87034,40.3832],[28.87099,40.38353],[28.87075,40.38307],[28.87148,40.38338],[28.87123,40.38293],[28.87171,40.3833],[28.87149,40.38285],[28.87195,40.3832],[28.87218,40.38263],[28.87266,40.38318],[28.87301,40.3825],[28.87718,40.3825],[28.87967,40.38164],[28.88422,40.378],[28.88448,40.37901],[28.88511,40.37734],[28.88859,40.37454],[28.88942,40.375],[28.88878,40.3756],[28.88964,40.37511],[28.88928,40.37373],[28.89351,40.37109],[28.89521,40.37068],[28.89571,40.37145],[28.89824,40.37061],[28.89852,40.36964],[28.90033,40.36875],[28.90183,40.3692],[28.91075,40.36253],[28.91228,40.36228],[28.91352,40.36114],[28.91416,40.36154],[28.91407,40.36086],[28.91543,40.36007],[28.92539,40.356],[28.92624,40.35601],[28.92705,40.3572],[28.92791,40.357],[28.92834,40.35773],[28.92803,40.35694],[28.92858,40.35675],[28.92953,40.3575],[28.9291,40.35678],[28.92962,40.35658],[28.92968,40.35546],[28.93094,40.35696],[28.93513,40.35719],[28.93089,40.35668],[28.93054,40.35592],[28.93752,40.35591],[28.93988,40.35686],[28.94493,40.35609],[28.94693,40.35646],[28.95175,40.35897],[28.96043,40.35915],[28.96498,40.35857],[28.97343,40.35581],[28.98509,40.35625],[28.98626,40.35478],[28.98544,40.35244],[28.98796,40.34623],[28.98558,40.34274],[28.98201,40.34089],[28.97724,40.34027],[28.97543,40.33883],[28.97573,40.33718],[28.97669,40.33696],[28.98087,40.33238],[28.98085,40.33104],[28.98481,40.32788],[28.98414,40.32688],[28.98183,40.32457],[28.97787,40.32369],[28.97487,40.32009],[28.97347,40.31975],[28.97238,40.31774],[28.96996,40.31708],[28.96755,40.31498],[28.96619,40.31053],[28.96171,40.30812],[28.95995,40.30806],[28.96004,40.30415],[28.95879,40.29933],[28.95201,40.30056],[28.9538,40.2994],[28.95341,40.29884],[28.9543,40.29796],[28.95039,40.29885],[28.94961,40.29736],[28.94689,40.29699],[28.94652,40.29451],[28.94466,40.29494],[28.94265,40.29316],[28.94188,40.29361],[28.94035,40.29036],[28.9378,40.29115],[28.93792,40.28978],[28.9362,40.28802],[28.93549,40.28496],[28.93404,40.28498],[28.93271,40.28262],[28.93341,40.28196],[28.93257,40.28054],[28.92999,40.27994],[28.92957,40.27871],[28.9305,40.27748],[28.92978,40.27672],[28.92782,40.27654],[28.92711,40.27544],[28.92527,40.27489],[28.92342,40.27504],[28.92188,40.2763],[28.91893,40.27432],[28.916,40.27449],[28.91447,40.27387],[28.91207,40.2746],[28.90942,40.27251],[28.90444,40.2737],[28.90242,40.27492],[28.89923,40.27463],[28.89669,40.27762],[28.89375,40.27621],[28.89167,40.27687],[28.89127,40.27741],[28.89189,40.27953],[28.88878,40.28097],[28.88555,40.27894],[28.88366,40.27872],[28.88279,40.27769],[28.88495,40.27541],[28.88498,40.27371],[28.88301,40.27358],[28.88141,40.27611],[28.87888,40.2777],[28.87699,40.27699],[28.87682,40.27878],[28.87567,40.27944],[28.87437,40.27891],[28.87392,40.27714],[28.8715,40.2783],[28.87001,40.27783],[28.86971,40.27925],[28.86845,40.27982],[28.86709,40.27919],[28.86751,40.27757],[28.8663,40.27647],[28.8628,40.27673],[28.86199,40.27397],[28.86256,40.27313],[28.86105,40.27196],[28.85831,40.27373],[28.85431,40.27485],[28.8518,40.27472],[28.84908,40.27172],[28.84559,40.27211],[28.84549,40.27104],[28.84646,40.27052],[28.84658,40.26927],[28.84772,40.26897],[28.84803,40.26746],[28.84931,40.26786],[28.84927,40.26729],[28.84864,40.26644],[28.84587,40.26547],[28.84541,40.26275],[28.84086,40.26258],[28.8412,40.26074],[28.83943,40.26053],[28.83646,40.26126],[28.83633,40.26055],[28.8349,40.26059],[28.83501,40.26322],[28.83269,40.26452],[28.83071,40.26347],[28.82897,40.26342],[28.82925,40.26152],[28.83021,40.26104],[28.82956,40.26014],[28.82997,40.25952],[28.82759,40.25827],[28.82359,40.26261],[28.824,40.26415],[28.82347,40.26447],[28.82134,40.2635],[28.82104,40.26147],[28.81814,40.26044],[28.81938,40.25911],[28.81901,40.25734],[28.81552,40.25919],[28.81306,40.25853],[28.81256,40.25696],[28.8111,40.25714],[28.80987,40.25891],[28.8105,40.26008],[28.80904,40.26066],[28.8095,40.26155],[28.81087,40.26119],[28.81373,40.26267],[28.81369,40.26383],[28.8122,40.26449],[28.8096,40.26392],[28.80804,40.26495],[28.80521,40.26459],[28.80286,40.26619],[28.80168,40.2657],[28.80141,40.26392],[28.80004,40.26321],[28.79717,40.26331],[28.79688,40.26136],[28.79487,40.26119],[28.79261,40.26202],[28.79244,40.26447],[28.78966,40.26471],[28.78497,40.26309],[28.7816,40.26453],[28.78033,40.26284],[28.77544,40.26453],[28.77612,40.26592],[28.77368,40.26757],[28.77125,40.26644],[28.76998,40.26986],[28.7676,40.26998],[28.76994,40.27095],[28.76797,40.27208],[28.7651,40.27003],[28.76406,40.27139],[28.76534,40.27327],[28.76324,40.27503],[28.76567,40.27681],[28.7632,40.27869],[28.76139,40.27794],[28.75863,40.2796],[28.75147,40.28065],[28.74985,40.28265],[28.75206,40.28577],[28.75274,40.28823],[28.75123,40.28988],[28.75238,40.29965],[28.74215,40.30149],[28.73908,40.29988],[28.73764,40.2952],[28.74041,40.28754],[28.74206,40.28467],[28.7409,40.28253],[28.73633,40.27957],[28.73495,40.27273],[28.72307,40.27317],[28.71957,40.27418],[28.71605,40.27136],[28.71148,40.27164],[28.71079,40.27467],[28.70557,40.2783],[28.70606,40.27986],[28.70172,40.28127],[28.69664,40.27861],[28.69815,40.27433],[28.69308,40.27342],[28.69198,40.27029],[28.6899,40.27484],[28.69001,40.27638],[28.68876,40.2782],[28.68656,40.27877],[28.68579,40.28273],[28.68401,40.28392],[28.6818,40.28406],[28.68309,40.28051],[28.68179,40.27853],[28.67803,40.27745],[28.67312,40.27459],[28.67093,40.27153],[28.66275,40.26909],[28.66305,40.27116],[28.66176,40.27568],[28.65766,40.27844],[28.65261,40.27909],[28.65324,40.27628],[28.65047,40.27602],[28.64939,40.27735],[28.6499,40.28214],[28.65163,40.28228],[28.65247,40.28298],[28.65349,40.28271],[28.65373,40.28447],[28.65103,40.2852],[28.65035,40.28421],[28.64732,40.28547],[28.64727,40.2882],[28.65056,40.28955],[28.64871,40.29162],[28.64649,40.292],[28.64469,40.29423],[28.64262,40.29533],[28.6407,40.29485],[28.63333,40.2955],[28.63192,40.29696],[28.6329,40.29782],[28.63001,40.29814],[28.63185,40.30053],[28.62992,40.30151],[28.6279,40.3012],[28.62801,40.30239],[28.62659,40.30183],[28.62753,40.29999],[28.62588,40.29767],[28.6248,40.29733],[28.62348,40.29819],[28.62432,40.30046],[28.62328,40.30165],[28.62443,40.30322],[28.62304,40.30472],[28.62344,40.30606],[28.62411,40.30736],[28.62639,40.30891],[28.62596,40.30987],[28.62743,40.31018],[28.62814,40.31168],[28.62765,40.31401],[28.62596,40.31518],[28.62308,40.31448],[28.61562,40.31586],[28.61484,40.31511],[28.61499,40.31429],[28.6179,40.31363],[28.61651,40.31251],[28.61603,40.31065],[28.61791,40.31034],[28.61771,40.30989],[28.61524,40.30755],[28.61327,40.30755],[28.61084,40.3064],[28.60955,40.30661],[28.60921,40.30784],[28.60791,40.30758],[28.607,40.31141],[28.60146,40.31041],[28.59982,40.30896],[28.59709,40.30944],[28.59679,40.31112],[28.5983,40.3125],[28.59516,40.31324],[28.59454,40.31397],[28.59478,40.31481],[28.59398,40.31531],[28.59158,40.31349],[28.59065,40.31119],[28.58835,40.31108],[28.58742,40.30948],[28.5861,40.30982],[28.58558,40.31112],[28.58433,40.31079],[28.58327,40.30924],[28.58436,40.30625],[28.58403,40.30552],[28.57985,40.30698],[28.57941,40.30895],[28.57651,40.30923],[28.5774,40.30668],[28.56999,40.30565],[28.5688,40.30595],[28.56687,40.30369],[28.56439,40.3033],[28.56315,40.3049],[28.56513,40.30568],[28.56489,40.30627],[28.56292,40.30626],[28.56184,40.30229],[28.56036,40.3018],[28.55832,40.30562],[28.55842,40.30705],[28.55541,40.30806],[28.55087,40.31216],[28.55139,40.31326],[28.55042,40.31373],[28.54866,40.31648],[28.54853,40.3187],[28.55184,40.32257],[28.56179,40.32947],[28.56484,40.33336],[28.57374,40.33895],[28.57558,40.34276],[28.57468,40.34338],[28.5746,40.34443],[28.57265,40.34551],[28.5691,40.34524],[28.56823,40.34689],[28.57178,40.34844],[28.57153,40.34907],[28.558,40.35279],[28.5538,40.35272],[28.54775,40.35033],[28.53973,40.358],[28.53743,40.36215],[28.53892,40.36391],[28.54051,40.37324],[28.54714,40.37385],[28.54939,40.37771],[28.55099,40.38215]]],[[[28.516,40.52176],[28.52104,40.52825],[28.52156,40.53035],[28.52433,40.5346],[28.5243,40.5379],[28.52656,40.54391],[28.52619,40.54667],[28.52699,40.54986],[28.52569,40.55273],[28.5268,40.555],[28.52564,40.55876],[28.52457,40.56037],[28.5229,40.56089],[28.52169,40.56245],[28.51901,40.56382],[28.51827,40.56541],[28.51932,40.56584],[28.52072,40.56481],[28.52702,40.56436],[28.52927,40.56583],[28.53373,40.56626],[28.53743,40.56742],[28.53923,40.56727],[28.54054,40.56625],[28.54866,40.56616],[28.54894,40.56565],[28.55448,40.56505],[28.55368,40.56329],[28.55037,40.55974],[28.55012,40.55664],[28.54593,40.55495],[28.54376,40.55519],[28.54274,40.5533],[28.54224,40.55317],[28.54249,40.55424],[28.54188,40.5539],[28.54202,40.55438],[28.54051,40.55485],[28.53931,40.55449],[28.53725,40.5522],[28.53564,40.54899],[28.53625,40.54603],[28.53904,40.54127],[28.53967,40.53654],[28.54224,40.53278],[28.54241,40.53115],[28.54415,40.52943],[28.54518,40.52654],[28.54412,40.52577],[28.54382,40.52348],[28.54308,40.52286],[28.54314,40.52015],[28.54218,40.51925],[28.54189,40.51641],[28.54034,40.51514],[28.53614,40.51484],[28.53376,40.5135],[28.52769,40.51204],[28.52408,40.50904],[28.52473,40.50979],[28.52435,40.51127],[28.52184,40.51326],[28.51675,40.51937],[28.516,40.52176]]]]}},{"type":"Feature","properties":{"ad":"Osmangazi"},"geometry":{"type":"Polygon","coordinates":[[[28.92657,40.08241],[28.92343,40.08979],[28.92049,40.09316],[28.92502,40.09485],[28.92417,40.09766],[28.92147,40.10038],[28.92698,40.10647],[28.93152,40.11565],[28.92749,40.122],[28.92867,40.12387],[28.93088,40.12505],[28.93138,40.12671],[28.93089,40.12747],[28.93527,40.12772],[28.93757,40.13032],[28.94039,40.13009],[28.94284,40.13175],[28.94661,40.13288],[28.94746,40.13574],[28.94904,40.13815],[28.94934,40.14034],[28.9507,40.14144],[28.95201,40.14082],[28.9547,40.14087],[28.95565,40.13806],[28.9569,40.1369],[28.95977,40.13737],[28.96455,40.13651],[28.96463,40.13833],[28.96611,40.14105],[28.96659,40.14349],[28.97023,40.14499],[28.97237,40.14778],[28.9733,40.14674],[28.97491,40.14924],[28.97526,40.15163],[28.97811,40.15794],[28.9768,40.16272],[28.97798,40.16589],[28.9775,40.1671],[28.97995,40.17145],[28.98,40.17548],[28.98245,40.17667],[28.98684,40.17666],[28.98638,40.17823],[28.98761,40.18006],[28.98738,40.18174],[28.98916,40.18079],[28.99151,40.18228],[28.99351,40.18198],[28.99458,40.18297],[28.99647,40.18325],[28.99848,40.18557],[28.99906,40.19121],[28.99829,40.19309],[28.99618,40.19491],[28.99951,40.2053],[29.0052,40.20898],[29.00965,40.21316],[29.0036,40.21352],[28.99028,40.2268],[28.95582,40.25178],[28.95322,40.25551],[28.94806,40.26894],[28.93603,40.27989],[28.93455,40.27817],[28.93376,40.27815],[28.93257,40.28054],[28.93341,40.28196],[28.93271,40.28262],[28.93404,40.28498],[28.93549,40.28496],[28.9362,40.28802],[28.93792,40.28978],[28.9378,40.29115],[28.94035,40.29036],[28.94188,40.29361],[28.94265,40.29316],[28.94466,40.29494],[28.94652,40.29451],[28.94689,40.29699],[28.94961,40.29736],[28.95039,40.29885],[28.9543,40.29796],[28.95341,40.29884],[28.9538,40.2994],[28.95201,40.30056],[28.95879,40.29933],[28.96004,40.30415],[28.95995,40.30806],[28.96171,40.30812],[28.96619,40.31053],[28.96755,40.31498],[28.96996,40.31708],[28.97238,40.31774],[28.97347,40.31975],[28.97487,40.32009],[28.97787,40.32369],[28.98183,40.32457],[28.98414,40.32688],[28.98481,40.32788],[28.98085,40.33104],[28.98087,40.33238],[28.97669,40.33696],[28.97573,40.33718],[28.97543,40.33883],[28.97724,40.34027],[28.98201,40.34089],[28.98558,40.34274],[28.98796,40.34623],[28.98614,40.35051],[28.99365,40.3506],[28.9948,40.34901],[29.0004,40.3477],[29.00641,40.34824],[29.01212,40.34654],[29.01683,40.3473],[29.02443,40.34633],[29.02475,40.34527],[29.02815,40.34436],[29.03046,40.34286],[29.03422,40.34285],[29.03686,40.34632],[29.0389,40.34592],[29.04163,40.34659],[29.04501,40.34415],[29.05045,40.34505],[29.05127,40.34409],[29.05138,40.34492],[29.05238,40.34528],[29.05449,40.34526],[29.0533,40.34778],[29.05484,40.35003],[29.05437,40.35133],[29.05727,40.3543],[29.06435,40.35759],[29.06656,40.36057],[29.07762,40.36249],[29.0815,40.36234],[29.0872,40.36013],[29.09124,40.35662],[29.1018,40.35395],[29.11504,40.34739],[29.11539,40.34838],[29.11709,40.3484],[29.11814,40.34973],[29.12031,40.34942],[29.12148,40.35039],[29.1222,40.35014],[29.12356,40.3518],[29.12576,40.35299],[29.12739,40.35252],[29.13006,40.35325],[29.13221,40.35616],[29.13623,40.35729],[29.13858,40.35883],[29.13954,40.36115],[29.14156,40.36098],[29.1433,40.3599],[29.14639,40.35687],[29.14654,40.35556],[29.14866,40.35661],[29.14947,40.35325],[29.14923,40.35032],[29.14976,40.34999],[29.14903,40.34757],[29.15183,40.34465],[29.15289,40.34247],[29.15199,40.34226],[29.15769,40.34338],[29.16028,40.34442],[29.16138,40.34425],[29.16074,40.34208],[29.16306,40.34198],[29.16524,40.34276],[29.16715,40.34443],[29.16769,40.34299],[29.17333,40.34492],[29.17343,40.34657],[29.18739,40.35055],[29.18819,40.34857],[29.18941,40.34814],[29.20785,40.34315],[29.20919,40.34383],[29.21387,40.34334],[29.21298,40.34247],[29.21783,40.34135],[29.21782,40.34075],[29.22157,40.34182],[29.22574,40.34183],[29.22575,40.33818],[29.2313,40.32491],[29.23133,40.32331],[29.22507,40.3171],[29.22078,40.31398],[29.22451,40.31226],[29.22445,40.31138],[29.22325,40.31049],[29.22073,40.30979],[29.21864,40.31021],[29.21019,40.30976],[29.20036,40.30809],[29.20083,40.30625],[29.20472,40.30343],[29.20562,40.29867],[29.19456,40.29264],[29.19689,40.28784],[29.19481,40.28584],[29.19074,40.28513],[29.18372,40.28276],[29.16956,40.28329],[29.16156,40.28053],[29.15792,40.28474],[29.14963,40.28196],[29.14779,40.27984],[29.14705,40.27757],[29.14192,40.27423],[29.13807,40.27391],[29.13621,40.27198],[29.13275,40.27003],[29.13107,40.26665],[29.13542,40.26279],[29.13386,40.26016],[29.13374,40.25808],[29.13436,40.25226],[29.13508,40.25178],[29.12242,40.24349],[29.11634,40.24255],[29.11687,40.24146],[29.119,40.23999],[29.11885,40.23866],[29.11793,40.23831],[29.11694,40.23916],[29.11466,40.23912],[29.10938,40.23761],[29.09942,40.23737],[29.09757,40.23522],[29.09731,40.23274],[29.09612,40.23193],[29.09437,40.23148],[29.09077,40.23208],[29.09105,40.22978],[29.08937,40.21913],[29.08864,40.20932],[29.08613,40.19932],[29.08144,40.19167],[29.07585,40.18588],[29.06883,40.18003],[29.0643,40.17792],[29.06251,40.17642],[29.06321,40.17498],[29.062,40.17374],[29.06124,40.1714],[29.06272,40.16889],[29.06228,40.16648],[29.06438,40.16496],[29.0653,40.16128],[29.06593,40.16129],[29.06608,40.16038],[29.06772,40.16],[29.06704,40.15867],[29.068,40.15803],[29.07084,40.15167],[29.0721,40.15126],[29.07246,40.14896],[29.07511,40.14642],[29.0755,40.14525],[29.07413,40.14405],[29.07465,40.14301],[29.0739,40.14185],[29.11874,40.15106],[29.13744,40.14057],[29.13809,40.13589],[29.14018,40.13341],[29.14147,40.12688],[29.14127,40.12393],[29.13995,40.12196],[29.17361,40.10094],[29.17469,40.08596],[29.18849,40.08224],[29.19395,40.08017],[29.20223,40.07937],[29.20585,40.08046],[29.20678,40.0785],[29.21084,40.07879],[29.21251,40.07807],[29.2167,40.07296],[29.21987,40.0755],[29.23244,40.05908],[29.24231,40.05599],[29.24973,40.05105],[29.2603,40.04752],[29.25399,40.0476],[29.24975,40.04689],[29.24784,40.0443],[29.24821,40.04176],[29.24704,40.03931],[29.24704,40.03446],[29.23861,40.03347],[29.23136,40.02928],[29.22519,40.02374],[29.22394,40.01717],[29.22288,40.01563],[29.22081,40.01527],[29.21744,40.01248],[29.21684,40.01044],[29.21531,40.00877],[29.21534,40.00729],[29.21411,40.00721],[29.214,40.00604],[29.20977,40.00125],[29.2086,39.99682],[29.2014,39.99258],[29.20066,39.98886],[29.2022,39.98706],[29.20128,39.98447],[29.19685,39.98391],[29.19384,39.98452],[29.17532,39.98014],[29.16413,39.98513],[29.16062,39.9815],[29.15558,39.98037],[29.15047,39.98523],[29.1509,39.98772],[29.14348,39.9945],[29.14363,39.99736],[29.12755,40.00809],[29.12226,40.00939],[29.11903,40.0077],[29.11778,40.00407],[29.10423,39.99384],[29.09931,39.98854],[29.08618,39.98156],[29.08241,39.98665],[29.07969,39.98704],[29.07783,39.99073],[29.07882,39.99251],[29.07874,39.99513],[29.07331,40.0008],[29.06978,40.00295],[29.06914,40.00449],[29.06952,40.00859],[29.07244,40.01095],[29.07138,40.01226],[29.07206,40.01412],[29.0781,40.01551],[29.07971,40.01645],[29.07728,40.01754],[29.07908,40.02306],[29.07818,40.02703],[29.07828,40.03076],[29.07157,40.03999],[29.07104,40.04236],[29.06971,40.04348],[29.06907,40.04648],[29.06713,40.04636],[29.06643,40.04756],[29.06274,40.04749],[29.06239,40.04917],[29.05864,40.05143],[29.05733,40.05046],[29.05749,40.04865],[29.05399,40.04533],[29.04563,40.04378],[29.04574,40.04086],[29.04055,40.04102],[29.03806,40.04191],[29.03213,40.04572],[29.02519,40.04301],[29.02418,40.04694],[29.02588,40.04832],[29.02111,40.05221],[29.01778,40.05099],[29.01545,40.04852],[29.01216,40.0512],[29.00438,40.05067],[29.0002,40.04925],[28.98977,40.04799],[28.98426,40.04844],[28.98099,40.04528],[28.96257,40.0419],[28.9607,40.04264],[28.95089,40.05353],[28.93838,40.05342],[28.93793,40.0556],[28.93494,40.05554],[28.93621,40.05199],[28.92135,40.05826],[28.92636,40.06091],[28.92688,40.06436],[28.92892,40.06735],[28.9287,40.06971],[28.92943,40.07104],[28.92798,40.07472],[28.92973,40.07649],[28.9288,40.07665],[28.92627,40.07464],[28.92292,40.0764],[28.92432,40.07847],[28.92354,40.08091],[28.9263,40.07991],[28.92678,40.0804],[28.92657,40.08241]]]}},{"type":"Feature","properties":{"ad":"Yıldırım"},"geometry":{"type":"Polygon","coordinates":[[[29.06135,40.17194],[29.06321,40.17498],[29.06251,40.17642],[29.0643,40.17792],[29.06883,40.18003],[29.07585,40.18588],[29.08144,40.19167],[29.08613,40.19932],[29.08864,40.20932],[29.08937,40.21913],[29.09105,40.22978],[29.09077,40.23208],[29.09437,40.23148],[29.09612,40.23193],[29.09731,40.23274],[29.09757,40.23522],[29.09942,40.23737],[29.10938,40.23761],[29.11466,40.23912],[29.11694,40.23916],[29.11793,40.23831],[29.11885,40.23866],[29.119,40.23999],[29.11687,40.24146],[29.11634,40.24255],[29.12155,40.24311],[29.13667,40.25282],[29.13907,40.25374],[29.14307,40.25404],[29.14372,40.25113],[29.14128,40.25115],[29.14082,40.24994],[29.14167,40.24952],[29.14028,40.2482],[29.13981,40.24624],[29.14329,40.24458],[29.14262,40.24143],[29.1414,40.24104],[29.14132,40.23821],[29.14466,40.23892],[29.1446,40.23676],[29.14573,40.23627],[29.14522,40.23546],[29.14039,40.23432],[29.13844,40.23164],[29.13925,40.23113],[29.13876,40.22995],[29.14098,40.22876],[29.14348,40.22878],[29.14695,40.22631],[29.15487,40.22396],[29.15546,40.22405],[29.15566,40.22571],[29.15965,40.22532],[29.16005,40.22401],[29.16076,40.22397],[29.16049,40.22483],[29.16353,40.22499],[29.16358,40.2281],[29.16719,40.22729],[29.16733,40.2224],[29.16933,40.22233],[29.1697,40.22119],[29.17305,40.22087],[29.17612,40.21931],[29.17729,40.21772],[29.1771,40.2151],[29.17793,40.21366],[29.17951,40.21321],[29.17918,40.212],[29.17584,40.21055],[29.17561,40.20966],[29.17668,40.20709],[29.17803,40.206],[29.17847,40.204],[29.17808,40.20054],[29.17882,40.19838],[29.18818,40.19941],[29.19243,40.19897],[29.19233,40.19697],[29.193,40.19647],[29.19354,40.19354],[29.19325,40.19198],[29.19375,40.19083],[29.19531,40.19078],[29.19533,40.19017],[29.1941,40.18961],[29.19484,40.18793],[29.1923,40.1885],[29.19278,40.18771],[29.19451,40.18721],[29.2007,40.18754],[29.2028,40.18648],[29.20313,40.18559],[29.20152,40.18359],[29.20176,40.18113],[29.20497,40.17864],[29.20892,40.17708],[29.21018,40.17531],[29.20736,40.16597],[29.20786,40.16308],[29.20709,40.16025],[29.20331,40.15436],[29.20303,40.15093],[29.20063,40.14418],[29.20251,40.14015],[29.19927,40.13145],[29.1988,40.12322],[29.20619,40.12224],[29.21924,40.12221],[29.22504,40.12344],[29.20247,40.0955],[29.21501,40.08119],[29.21866,40.0783],[29.2167,40.07296],[29.21251,40.07807],[29.21084,40.07879],[29.20678,40.0785],[29.20585,40.08046],[29.20223,40.07937],[29.19395,40.08017],[29.18849,40.08224],[29.17469,40.08596],[29.17361,40.10094],[29.13995,40.12196],[29.14127,40.12393],[29.14147,40.12688],[29.14018,40.13341],[29.13809,40.13589],[29.13744,40.14057],[29.11874,40.15106],[29.0739,40.14185],[29.07465,40.14301],[29.07413,40.14405],[29.0755,40.14525],[29.07511,40.14642],[29.07246,40.14896],[29.0721,40.15126],[29.07084,40.15167],[29.068,40.15803],[29.06704,40.15867],[29.06772,40.16],[29.06608,40.16038],[29.06593,40.16129],[29.0653,40.16128],[29.06438,40.16496],[29.06228,40.16648],[29.06272,40.16889],[29.06135,40.17194]]]}},{"type":"Feature","properties":{"ad":"Gürsu"},"geometry":{"type":"Polygon","coordinates":[[[29.13508,40.25178],[29.13436,40.25226],[29.13374,40.25808],[29.13386,40.26016],[29.13542,40.26279],[29.13107,40.26665],[29.13372,40.27087],[29.13621,40.27198],[29.13807,40.27391],[29.14192,40.27423],[29.14705,40.27757],[29.14779,40.27984],[29.14963,40.28196],[29.15792,40.28474],[29.16156,40.28053],[29.16956,40.28329],[29.18372,40.28276],[29.19074,40.28513],[29.19481,40.28584],[29.19689,40.28784],[29.19456,40.29264],[29.20562,40.29867],[29.20472,40.30343],[29.20083,40.30625],[29.20036,40.30809],[29.21019,40.30976],[29.21864,40.31021],[29.22073,40.30979],[29.22445,40.31138],[29.22451,40.31226],[29.22078,40.31398],[29.22507,40.3171],[29.23133,40.32331],[29.2313,40.32491],[29.2286,40.33074],[29.28106,40.32686],[29.28339,40.32095],[29.2947,40.31757],[29.29868,40.31183],[29.29479,40.30728],[29.29478,40.30108],[29.29247,40.29923],[29.28852,40.29963],[29.28491,40.29776],[29.27659,40.28679],[29.27322,40.27417],[29.28097,40.26594],[29.28381,40.2619],[29.27093,40.24854],[29.26577,40.24783],[29.25992,40.24819],[29.26106,40.23362],[29.2582,40.23131],[29.24816,40.23162],[29.24326,40.23564],[29.23827,40.23075],[29.24189,40.2266],[29.24334,40.22069],[29.24285,40.21752],[29.24433,40.21411],[29.24346,40.21444],[29.23962,40.21208],[29.22665,40.21014],[29.22067,40.2113],[29.21444,40.21161],[29.21463,40.20979],[29.20917,40.20913],[29.206,40.20685],[29.20535,40.20525],[29.20251,40.20498],[29.20015,40.20334],[29.19794,40.20132],[29.19771,40.19946],[29.19695,40.19854],[29.18818,40.19941],[29.17882,40.19838],[29.17808,40.20054],[29.17847,40.204],[29.17803,40.206],[29.17668,40.20709],[29.17561,40.20966],[29.17584,40.21055],[29.17918,40.212],[29.17951,40.21321],[29.17793,40.21366],[29.1771,40.2151],[29.17729,40.21772],[29.17612,40.21931],[29.17305,40.22087],[29.1697,40.22119],[29.16933,40.22233],[29.16733,40.2224],[29.16719,40.22729],[29.16358,40.2281],[29.16353,40.22499],[29.16049,40.22483],[29.16076,40.22397],[29.16005,40.22401],[29.15965,40.22532],[29.15566,40.22571],[29.15546,40.22405],[29.15487,40.22396],[29.14695,40.22631],[29.14348,40.22878],[29.14098,40.22876],[29.13876,40.22995],[29.13925,40.23113],[29.13844,40.23164],[29.14039,40.23432],[29.14522,40.23546],[29.14573,40.23627],[29.1446,40.23676],[29.14466,40.23892],[29.14132,40.23821],[29.1414,40.24104],[29.14262,40.24143],[29.14329,40.24458],[29.13981,40.24624],[29.14028,40.2482],[29.14167,40.24952],[29.14082,40.24994],[29.14128,40.25115],[29.14372,40.25113],[29.14307,40.25404],[29.13833,40.25353],[29.13508,40.25178]]]}},{"type":"Feature","properties":{"ad":"Gemlik"},"geometry":{"type":"Polygon","coordinates":[[[28.98509,40.35625],[28.99029,40.35737],[28.99315,40.35868],[28.99403,40.35829],[29.00113,40.35933],[29.00708,40.35924],[29.00971,40.36023],[29.0233,40.36159],[29.0239,40.36176],[29.02391,40.36255],[29.024,40.3618],[29.02609,40.36193],[29.02856,40.36261],[29.03032,40.36395],[29.03066,40.36365],[29.03211,40.36368],[29.0311,40.36392],[29.032,40.36527],[29.03452,40.36521],[29.03227,40.3649],[29.03213,40.364],[29.03409,40.36459],[29.05122,40.36234],[29.05865,40.36442],[29.06462,40.3692],[29.06899,40.37581],[29.07015,40.3808],[29.07017,40.386],[29.0677,40.38891],[29.0677,40.39051],[29.07042,40.39242],[29.07558,40.3996],[29.07877,40.40772],[29.07967,40.40858],[29.08074,40.40815],[29.08286,40.4094],[29.08102,40.4104],[29.08238,40.41195],[29.07834,40.41396],[29.07582,40.4139],[29.07857,40.41427],[29.08255,40.41214],[29.0832,40.41321],[29.08121,40.41448],[29.08276,40.41606],[29.08018,40.41782],[29.08618,40.4144],[29.08873,40.41532],[29.08775,40.41604],[29.08814,40.41668],[29.08588,40.41712],[29.0878,40.41685],[29.08807,40.41756],[29.08603,40.41925],[29.09032,40.41679],[29.09468,40.41885],[29.09603,40.41891],[29.102,40.41596],[29.10554,40.41518],[29.10617,40.41529],[29.10531,40.41712],[29.11727,40.41841],[29.1194,40.4196],[29.11658,40.41768],[29.12153,40.41736],[29.12396,40.41937],[29.12649,40.41934],[29.12804,40.42059],[29.13192,40.42068],[29.13315,40.42192],[29.13426,40.42172],[29.13563,40.42309],[29.14099,40.42184],[29.14269,40.42203],[29.14593,40.42365],[29.15027,40.42241],[29.15107,40.42339],[29.15051,40.42236],[29.15141,40.42215],[29.15407,40.42344],[29.1543,40.42435],[29.15362,40.42461],[29.15476,40.42465],[29.15441,40.42883],[29.15321,40.43029],[29.15088,40.43665],[29.14937,40.4373],[29.14909,40.43644],[29.14909,40.43745],[29.13879,40.4412],[29.13605,40.44358],[29.1324,40.44505],[29.13078,40.44802],[29.12763,40.44969],[29.12478,40.4522],[29.12318,40.45259],[29.12152,40.45541],[29.11497,40.45686],[29.11314,40.45893],[29.10662,40.46221],[29.10275,40.46668],[29.09842,40.46786],[29.09356,40.47333],[29.09095,40.47481],[29.08661,40.47537],[29.08542,40.47586],[29.08545,40.4765],[29.08489,40.47559],[29.08378,40.47731],[29.08212,40.47786],[29.07904,40.47724],[29.07636,40.47789],[29.07015,40.47691],[29.06397,40.47875],[29.06077,40.47732],[29.05737,40.47782],[29.05488,40.4792],[29.05126,40.47829],[29.04852,40.47942],[29.04684,40.47904],[29.0408,40.47976],[29.03931,40.47912],[29.03339,40.48006],[29.03163,40.47982],[29.03114,40.47885],[29.03232,40.4791],[29.03111,40.47866],[29.02906,40.47938],[29.02535,40.47908],[29.02063,40.47642],[29.01911,40.4732],[29.0174,40.4722],[29.01683,40.47055],[29.01462,40.47113],[29.01308,40.47022],[29.01162,40.47058],[29.01063,40.47011],[29.00989,40.47494],[29.00713,40.47773],[29.00518,40.47879],[28.99936,40.48027],[28.99549,40.48543],[28.99065,40.48893],[28.99591,40.50044],[29.00066,40.51421],[29.00399,40.52163],[29.00794,40.54485],[29.01158,40.55251],[29.01583,40.55959],[29.01587,40.56386],[29.01852,40.56742],[29.01899,40.57026],[29.03054,40.5769],[29.03194,40.57975],[29.0399,40.57619],[29.05067,40.56671],[29.06191,40.56161],[29.06659,40.56446],[29.07158,40.56446],[29.07673,40.5724],[29.085,40.57643],[29.09686,40.57785],[29.09983,40.57607],[29.10014,40.56766],[29.10638,40.57086],[29.11684,40.57109],[29.12261,40.56825],[29.12683,40.5686],[29.12964,40.57382],[29.13244,40.57726],[29.14867,40.57595],[29.15773,40.56659],[29.15804,40.5628],[29.15585,40.55829],[29.15289,40.55627],[29.15289,40.55426],[29.16256,40.54797],[29.16693,40.54762],[29.16756,40.5456],[29.16678,40.54288],[29.17645,40.53683],[29.18129,40.53683],[29.18545,40.53785],[29.19705,40.53692],[29.20103,40.53513],[29.20527,40.53514],[29.20485,40.52999],[29.20555,40.52936],[29.20795,40.52852],[29.21356,40.5242],[29.21779,40.52342],[29.22144,40.52463],[29.22243,40.52321],[29.22605,40.52131],[29.22605,40.51328],[29.22742,40.49927],[29.22965,40.48553],[29.23424,40.4739],[29.23386,40.46748],[29.22812,40.45772],[29.22716,40.44779],[29.23711,40.42651],[29.23663,40.42416],[29.22322,40.40614],[29.21893,40.40431],[29.22424,40.40059],[29.22743,40.40064],[29.23055,40.39763],[29.2477,40.4001],[29.25587,40.38496],[29.26946,40.37892],[29.28449,40.37086],[29.29206,40.37403],[29.30753,40.37157],[29.31966,40.37634],[29.32814,40.37582],[29.33671,40.37234],[29.34915,40.36453],[29.39489,40.34959],[29.35033,40.32496],[29.33643,40.31789],[29.31586,40.31502],[29.29868,40.31183],[29.2947,40.31757],[29.28339,40.32095],[29.28106,40.32686],[29.2286,40.33074],[29.22575,40.33818],[29.22574,40.34183],[29.22157,40.34182],[29.21782,40.34075],[29.21783,40.34135],[29.21298,40.34247],[29.21387,40.34334],[29.20919,40.34383],[29.20785,40.34315],[29.18941,40.34814],[29.18819,40.34857],[29.18739,40.35055],[29.17343,40.34657],[29.17333,40.34492],[29.16769,40.34299],[29.16715,40.34443],[29.16524,40.34276],[29.16306,40.34198],[29.16074,40.34208],[29.16138,40.34425],[29.16028,40.34442],[29.15769,40.34338],[29.15199,40.34226],[29.15289,40.34247],[29.15183,40.34465],[29.14903,40.34757],[29.14976,40.34999],[29.14923,40.35032],[29.14947,40.35325],[29.14866,40.35661],[29.14654,40.35556],[29.14639,40.35687],[29.14469,40.35873],[29.14156,40.36098],[29.13954,40.36115],[29.13858,40.35883],[29.13623,40.35729],[29.13221,40.35616],[29.13006,40.35325],[29.12739,40.35252],[29.12576,40.35299],[29.12356,40.3518],[29.1222,40.35014],[29.12148,40.35039],[29.12031,40.34942],[29.11814,40.34973],[29.11709,40.3484],[29.11539,40.34838],[29.11504,40.34739],[29.1018,40.35395],[29.09124,40.35662],[29.0872,40.36013],[29.0815,40.36234],[29.07558,40.36233],[29.06656,40.36057],[29.06435,40.35759],[29.05727,40.3543],[29.05437,40.35133],[29.05484,40.35003],[29.0533,40.34778],[29.05449,40.34526],[29.05238,40.34528],[29.05138,40.34492],[29.05127,40.34409],[29.05045,40.34505],[29.04501,40.34415],[29.04163,40.34659],[29.0389,40.34592],[29.03686,40.34632],[29.03422,40.34285],[29.03046,40.34286],[29.02815,40.34436],[29.02475,40.34527],[29.02443,40.34633],[29.01683,40.3473],[29.01212,40.34654],[29.00641,40.34824],[29.0004,40.3477],[28.9948,40.34901],[28.99365,40.3506],[28.98622,40.35051],[28.98544,40.35244],[28.98626,40.35478],[28.98509,40.35625]]]}},{"type":"Feature","properties":{"ad":"Altınova"},"geometry":{"type":"Polygon","coordinates":[[[29.42022,40.54557],[29.42303,40.54862],[29.42214,40.55812],[29.42553,40.56192],[29.42535,40.56666],[29.42999,40.56992],[29.43053,40.57616],[29.42928,40.58063],[29.42964,40.58484],[29.43481,40.59555],[29.43503,40.5992],[29.43932,40.60299],[29.44075,40.60597],[29.44396,40.60746],[29.44807,40.60774],[29.45164,40.6099],[29.45182,40.61343],[29.45825,40.61682],[29.4695,40.61804],[29.472,40.62129],[29.47842,40.62048],[29.4811,40.62251],[29.48342,40.62725],[29.482,40.62969],[29.46771,40.6301],[29.46343,40.63267],[29.44628,40.63376],[29.44325,40.63864],[29.44325,40.64216],[29.44468,40.6446],[29.44432,40.64812],[29.44664,40.64988],[29.43646,40.6576],[29.43343,40.6618],[29.43843,40.67074],[29.44093,40.67684],[29.43607,40.68955],[29.44056,40.69074],[29.43932,40.69293],[29.44078,40.69342],[29.4418,40.69161],[29.44571,40.69324],[29.44624,40.69392],[29.44575,40.6944],[29.4485,40.69405],[29.45226,40.69538],[29.45187,40.69794],[29.45332,40.6981],[29.45402,40.69521],[29.45618,40.69584],[29.45702,40.69545],[29.45592,40.69828],[29.45721,40.69854],[29.45645,40.70085],[29.45745,40.69856],[29.45829,40.69874],[29.45823,40.69966],[29.45888,40.69789],[29.46141,40.69867],[29.46093,40.69991],[29.46136,40.69954],[29.46126,40.7001],[29.4617,40.69971],[29.46274,40.7009],[29.46322,40.70067],[29.46299,40.70153],[29.46516,40.70037],[29.46426,40.70113],[29.46537,40.70235],[29.46596,40.70206],[29.46528,40.70257],[29.4666,40.70341],[29.46706,40.70516],[29.46826,40.70634],[29.46796,40.70733],[29.46861,40.70714],[29.46943,40.70859],[29.46897,40.70951],[29.46619,40.71049],[29.47196,40.709],[29.4729,40.70905],[29.471,40.70946],[29.47123,40.70983],[29.46606,40.71273],[29.47115,40.71074],[29.47148,40.71104],[29.46914,40.71234],[29.47073,40.71163],[29.47123,40.71216],[29.47081,40.71265],[29.47165,40.71234],[29.47199,40.71267],[29.4715,40.71293],[29.47214,40.71287],[29.47068,40.71386],[29.47224,40.71297],[29.47297,40.71443],[29.47368,40.71406],[29.47559,40.71632],[29.47465,40.71702],[29.47568,40.71646],[29.47838,40.71876],[29.47659,40.71981],[29.47848,40.71887],[29.47924,40.72051],[29.48063,40.72086],[29.48034,40.72131],[29.48299,40.72204],[29.48275,40.72295],[29.48334,40.72214],[29.48561,40.72298],[29.48477,40.7246],[29.48577,40.72495],[29.48651,40.72372],[29.49132,40.72513],[29.49193,40.72556],[29.49152,40.72722],[29.49275,40.7258],[29.49336,40.72604],[29.49298,40.72696],[29.49528,40.72401],[29.49619,40.72438],[29.4958,40.72488],[29.49654,40.72406],[29.49835,40.72496],[29.49905,40.72557],[29.49902,40.72815],[29.50092,40.72859],[29.50233,40.73],[29.50219,40.73253],[29.50622,40.7326],[29.50623,40.73166],[29.50724,40.73164],[29.50715,40.73434],[29.5108,40.73441],[29.51271,40.73815],[29.51189,40.73843],[29.51331,40.74258],[29.51442,40.74293],[29.514,40.74124],[29.51427,40.7407],[29.51474,40.74134],[29.51674,40.74035],[29.51601,40.73993],[29.51687,40.7334],[29.52079,40.72114],[29.52982,40.71541],[29.53037,40.71418],[29.53369,40.7126],[29.53626,40.70791],[29.53698,40.70767],[29.53994,40.70331],[29.54231,40.70241],[29.54313,40.70269],[29.54332,40.70263],[29.54368,40.70205],[29.54325,40.70262],[29.54231,40.70231],[29.5436,40.70065],[29.54411,40.7008],[29.54377,40.70156],[29.54429,40.70086],[29.54555,40.70148],[29.54406,40.70065],[29.54586,40.69702],[29.54983,40.69262],[29.55145,40.69297],[29.55238,40.69234],[29.55022,40.69257],[29.555,40.68775],[29.55697,40.68645],[29.55815,40.68694],[29.55817,40.68609],[29.55054,40.67772],[29.55042,40.67508],[29.5477,40.67532],[29.54773,40.67382],[29.54352,40.6709],[29.53699,40.66787],[29.53408,40.66754],[29.53066,40.66564],[29.5329,40.66345],[29.53568,40.66288],[29.53888,40.65571],[29.52963,40.65484],[29.52602,40.65318],[29.52546,40.65405],[29.52456,40.65403],[29.52294,40.65298],[29.52274,40.6524],[29.52365,40.65144],[29.52203,40.65166],[29.51886,40.65047],[29.5118,40.6496],[29.50812,40.647],[29.50456,40.64604],[29.50128,40.64632],[29.49898,40.64503],[29.49916,40.6427],[29.50008,40.64093],[29.49766,40.63925],[29.49906,40.63461],[29.49733,40.63324],[29.4966,40.6317],[29.4986,40.63121],[29.49988,40.62919],[29.50005,40.62727],[29.49836,40.62197],[29.49926,40.61925],[29.50175,40.61789],[29.50252,40.6167],[29.50272,40.6098],[29.50182,40.60651],[29.50214,40.60573],[29.50026,40.60384],[29.49861,40.60363],[29.49824,40.6004],[29.49631,40.59752],[29.49562,40.59423],[29.49368,40.59335],[29.49289,40.5914],[29.49474,40.5912],[29.4955,40.58992],[29.50152,40.58897],[29.50005,40.58796],[29.50163,40.58723],[29.50033,40.58481],[29.50215,40.5832],[29.49679,40.57943],[29.49823,40.5795],[29.49962,40.57646],[29.49908,40.57441],[29.49756,40.57395],[29.49482,40.57113],[29.4949,40.56986],[29.49412,40.56948],[29.4955,40.56857],[29.49309,40.56905],[29.49281,40.56847],[29.48749,40.56873],[29.48727,40.56762],[29.48439,40.56632],[29.48501,40.56577],[29.48276,40.56339],[29.47001,40.56794],[29.4572,40.56431],[29.45678,40.55547],[29.45041,40.55465],[29.44722,40.55292],[29.45049,40.54866],[29.4469,40.5419],[29.44519,40.54166],[29.44238,40.54439],[29.43801,40.54284],[29.42771,40.54522],[29.42303,40.54379],[29.42022,40.54557]]]}},{"type":"Feature","properties":{"ad":"Armutlu"},"geometry":{"type":"Polygon","coordinates":[[[28.78088,40.5182],[28.78123,40.52068],[28.78037,40.52183],[28.7806,40.52436],[28.77968,40.52581],[28.78042,40.52754],[28.77964,40.5295],[28.7808,40.53181],[28.78046,40.53447],[28.78267,40.53753],[28.78601,40.53849],[28.7886,40.54024],[28.79016,40.54324],[28.79002,40.54604],[28.79209,40.54815],[28.79256,40.55097],[28.79362,40.55182],[28.7961,40.55245],[28.7964,40.55339],[28.79873,40.55464],[28.80183,40.55544],[28.80306,40.5573],[28.80562,40.55787],[28.80606,40.5586],[28.80996,40.55908],[28.81279,40.56214],[28.81859,40.56543],[28.82245,40.56479],[28.82367,40.56571],[28.83326,40.56582],[28.83829,40.56751],[28.8393,40.56908],[28.84494,40.57007],[28.85065,40.57272],[28.85692,40.57367],[28.8597,40.57485],[28.86781,40.57593],[28.87439,40.57857],[28.88437,40.58074],[28.89456,40.58447],[28.89673,40.58633],[28.90238,40.58859],[28.90583,40.59178],[28.90989,40.58738],[28.91287,40.58662],[28.91795,40.58185],[28.91607,40.57967],[28.91718,40.57824],[28.91982,40.57799],[28.92755,40.57917],[28.93373,40.57682],[28.93605,40.5738],[28.94256,40.57673],[28.94863,40.57296],[28.95205,40.56609],[28.94807,40.56173],[28.95006,40.55854],[28.95359,40.55754],[28.95723,40.55561],[28.9611,40.55544],[28.96661,40.55922],[28.96882,40.55829],[28.97136,40.55502],[28.9771,40.5546],[28.98118,40.55268],[28.98824,40.55469],[28.98857,40.55863],[29.01158,40.55251],[29.00794,40.54485],[29.00399,40.52163],[29.00066,40.51421],[28.99591,40.50044],[28.99062,40.48974],[28.99065,40.48893],[28.99549,40.48543],[28.99936,40.48027],[29.00518,40.47879],[29.00713,40.47773],[29.00989,40.47494],[29.01063,40.47011],[29.00842,40.47085],[29.00672,40.46961],[29.00289,40.47031],[29.00064,40.46822],[28.99633,40.46837],[28.99441,40.46648],[28.99268,40.46703],[28.99017,40.46656],[28.98853,40.46439],[28.98206,40.46412],[28.98049,40.46308],[28.97983,40.4601],[28.97746,40.4578],[28.97725,40.45673],[28.97515,40.45623],[28.97272,40.4574],[28.9705,40.46005],[28.96898,40.45985],[28.96879,40.46065],[28.96695,40.46084],[28.96669,40.4623],[28.96626,40.46101],[28.96549,40.46181],[28.96412,40.46126],[28.96471,40.46176],[28.96278,40.46162],[28.95818,40.46285],[28.9522,40.46281],[28.94825,40.46402],[28.9425,40.46283],[28.94151,40.46336],[28.9323,40.46376],[28.92981,40.46561],[28.92147,40.46629],[28.9196,40.46821],[28.91695,40.46873],[28.91548,40.47045],[28.91255,40.4707],[28.90916,40.47237],[28.90479,40.47207],[28.90041,40.47261],[28.89788,40.47546],[28.89517,40.47697],[28.89332,40.47715],[28.89286,40.47655],[28.88861,40.4782],[28.88619,40.47873],[28.88525,40.47829],[28.88584,40.47894],[28.88283,40.48106],[28.88221,40.48052],[28.88398,40.47893],[28.88184,40.48043],[28.88011,40.48414],[28.87925,40.48448],[28.8768,40.48776],[28.87576,40.48818],[28.87354,40.49131],[28.86907,40.4937],[28.86447,40.49775],[28.86062,40.49915],[28.8578,40.50364],[28.85444,40.50612],[28.85255,40.50644],[28.85173,40.5058],[28.85078,40.50624],[28.84913,40.50574],[28.84569,40.50808],[28.8422,40.50885],[28.84158,40.50851],[28.83999,40.50937],[28.83806,40.50905],[28.83805,40.50805],[28.83796,40.50889],[28.83218,40.50877],[28.82852,40.50982],[28.82807,40.50877],[28.828,40.50942],[28.82572,40.50937],[28.82609,40.50822],[28.82875,40.50796],[28.82588,40.50791],[28.82482,40.51009],[28.82458,40.50912],[28.82028,40.51205],[28.81554,40.51161],[28.80799,40.51362],[28.7989,40.51429],[28.79753,40.51387],[28.79148,40.51744],[28.78664,40.51763],[28.78508,40.51708],[28.78088,40.5182]]]}},{"type":"Feature","properties":{"ad":"Termal"},"geometry":{"type":"Polygon","coordinates":[[[29.13244,40.57726],[29.13753,40.58351],[29.14331,40.58719],[29.15111,40.58979],[29.15181,40.59051],[29.14885,40.59341],[29.14916,40.59767],[29.14721,40.59981],[29.14721,40.60099],[29.15517,40.60413],[29.15821,40.60751],[29.15844,40.61474],[29.16672,40.61924],[29.16687,40.62617],[29.16342,40.62791],[29.16284,40.62963],[29.16364,40.63024],[29.16273,40.6312],[29.16327,40.63291],[29.16558,40.63548],[29.16492,40.63643],[29.16727,40.63827],[29.16677,40.63872],[29.16737,40.64027],[29.16916,40.64208],[29.17139,40.64213],[29.17455,40.64354],[29.1763,40.64372],[29.17607,40.64259],[29.18137,40.64271],[29.18494,40.64346],[29.18659,40.64503],[29.18764,40.64514],[29.19049,40.64786],[29.19276,40.65352],[29.19333,40.65662],[29.19839,40.65594],[29.20879,40.656],[29.20427,40.65127],[29.20284,40.64822],[29.20145,40.6476],[29.20218,40.64588],[29.20174,40.64452],[29.20261,40.64397],[29.20227,40.64362],[29.20365,40.64056],[29.20561,40.63948],[29.20742,40.63939],[29.20791,40.6387],[29.20826,40.6392],[29.2099,40.63797],[29.21055,40.63676],[29.21235,40.63567],[29.21365,40.63288],[29.21428,40.63307],[29.21509,40.63166],[29.21732,40.63022],[29.21478,40.62661],[29.21343,40.62702],[29.21363,40.62549],[29.21158,40.62416],[29.2104,40.62247],[29.20068,40.61793],[29.19927,40.61652],[29.19965,40.61574],[29.20096,40.61574],[29.20153,40.61476],[29.20664,40.61528],[29.20661,40.61392],[29.20829,40.61145],[29.21251,40.61028],[29.21214,40.60961],[29.2129,40.6091],[29.20882,40.60463],[29.20591,40.60377],[29.20402,40.60124],[29.20418,40.60009],[29.20214,40.59905],[29.19939,40.59586],[29.20077,40.59281],[29.20037,40.59197],[29.20234,40.58995],[29.20468,40.58931],[29.20417,40.58409],[29.20486,40.58209],[29.20686,40.58177],[29.20838,40.57957],[29.21177,40.57766],[29.21185,40.57472],[29.2111,40.57374],[29.21181,40.57175],[29.20688,40.56555],[29.2059,40.56257],[29.20198,40.56255],[29.19944,40.56103],[29.19922,40.55805],[29.19592,40.55872],[29.19449,40.55801],[29.19407,40.55551],[29.1953,40.55326],[29.19399,40.54859],[29.19443,40.54692],[29.19583,40.54525],[29.19523,40.54431],[29.19417,40.54389],[29.19333,40.54502],[29.19258,40.54503],[29.19091,40.54103],[29.18545,40.53785],[29.18129,40.53683],[29.17645,40.53683],[29.16678,40.54288],[29.16756,40.5456],[29.16693,40.54762],[29.16256,40.54797],[29.15289,40.55426],[29.15289,40.55627],[29.15585,40.55829],[29.15804,40.5628],[29.15773,40.56659],[29.14867,40.57595],[29.13244,40.57726]]]}},{"type":"Feature","properties":{"ad":"Yalova Merkez"},"geometry":{"type":"Polygon","coordinates":[[[29.18545,40.53785],[29.19091,40.54103],[29.19258,40.54503],[29.19449,40.54384],[29.19581,40.54512],[29.19399,40.54859],[29.1953,40.55326],[29.19407,40.55551],[29.19457,40.55812],[29.1961,40.55872],[29.19922,40.55805],[29.19944,40.56103],[29.20198,40.56255],[29.2059,40.56257],[29.20688,40.56555],[29.2118,40.57167],[29.2111,40.57384],[29.21185,40.57472],[29.21177,40.57766],[29.20838,40.57957],[29.20686,40.58177],[29.20486,40.58209],[29.20417,40.58409],[29.20468,40.58931],[29.20234,40.58995],[29.20037,40.59197],[29.20077,40.59281],[29.19939,40.59586],[29.20214,40.59905],[29.20418,40.60009],[29.20402,40.60124],[29.20591,40.60377],[29.20882,40.60463],[29.2129,40.6091],[29.21214,40.60961],[29.21251,40.61028],[29.20829,40.61145],[29.20661,40.61392],[29.20664,40.61528],[29.20153,40.61476],[29.20096,40.61574],[29.19965,40.61574],[29.19927,40.61652],[29.20068,40.61793],[29.2104,40.62247],[29.21158,40.62416],[29.21363,40.62549],[29.21343,40.62702],[29.21478,40.62661],[29.21732,40.63022],[29.21509,40.63166],[29.21428,40.63307],[29.21365,40.63288],[29.21235,40.63567],[29.21055,40.63676],[29.2099,40.63797],[29.20826,40.6392],[29.20791,40.6387],[29.20742,40.63939],[29.20561,40.63948],[29.20365,40.64056],[29.20227,40.64362],[29.20261,40.64397],[29.20174,40.64452],[29.20218,40.64588],[29.20145,40.6476],[29.20284,40.64822],[29.20427,40.65127],[29.20879,40.656],[29.23393,40.65809],[29.24019,40.65957],[29.2435,40.6595],[29.24567,40.66114],[29.24493,40.66006],[29.24281,40.65897],[29.24202,40.6575],[29.24282,40.65755],[29.24365,40.65895],[29.24682,40.65868],[29.24677,40.65976],[29.24584,40.65987],[29.24671,40.65984],[29.24703,40.66062],[29.24705,40.65875],[29.24846,40.65832],[29.25249,40.65869],[29.25901,40.65752],[29.26204,40.65761],[29.26577,40.65862],[29.26542,40.65997],[29.26581,40.66033],[29.26653,40.66029],[29.26568,40.66004],[29.26607,40.65875],[29.26785,40.66046],[29.26676,40.65908],[29.26776,40.65871],[29.26898,40.65941],[29.26791,40.66],[29.2696,40.65991],[29.26996,40.66044],[29.27018,40.65963],[29.27058,40.66027],[29.27369,40.66037],[29.27406,40.66187],[29.27396,40.66083],[29.27606,40.65989],[29.27646,40.66021],[29.27578,40.66075],[29.27674,40.66008],[29.27713,40.66039],[29.27609,40.66117],[29.27717,40.66043],[29.27756,40.66075],[29.27667,40.66137],[29.2776,40.66078],[29.27797,40.6611],[29.27727,40.6616],[29.2784,40.66146],[29.27768,40.66195],[29.27489,40.66118],[29.27789,40.66211],[29.27898,40.6617],[29.27915,40.66042],[29.27974,40.66115],[29.27965,40.66028],[29.28071,40.65996],[29.29039,40.66399],[29.29023,40.66352],[29.2924,40.66368],[29.29932,40.66499],[29.30747,40.66767],[29.30848,40.66612],[29.30877,40.66413],[29.30832,40.66356],[29.30993,40.65968],[29.30767,40.65471],[29.30572,40.65341],[29.30387,40.64987],[29.30391,40.64702],[29.30552,40.64342],[29.30823,40.64333],[29.30912,40.64224],[29.30872,40.64043],[29.31192,40.64013],[29.31318,40.63889],[29.31692,40.63782],[29.31726,40.63518],[29.32011,40.63776],[29.32239,40.63715],[29.32366,40.63814],[29.32472,40.63758],[29.32417,40.63558],[29.31932,40.63199],[29.32213,40.62911],[29.32196,40.62817],[29.32306,40.6264],[29.32208,40.62558],[29.3212,40.62584],[29.32114,40.62428],[29.32417,40.61918],[29.32308,40.61457],[29.32332,40.61236],[29.32397,40.61211],[29.32343,40.61146],[29.32364,40.60799],[29.32523,40.60712],[29.32376,40.60574],[29.32672,40.60297],[29.32809,40.60331],[29.32848,40.60261],[29.32609,40.59985],[29.32749,40.5976],[29.33226,40.59721],[29.33373,40.59639],[29.33708,40.59001],[29.33641,40.58896],[29.33723,40.58802],[29.33742,40.58468],[29.34027,40.584],[29.34567,40.58131],[29.347,40.57887],[29.34942,40.57699],[29.3499,40.57576],[29.34945,40.57395],[29.35039,40.57324],[29.34979,40.57136],[29.34848,40.5711],[29.34813,40.56932],[29.34861,40.56804],[29.3471,40.56834],[29.34555,40.56747],[29.3451,40.56651],[29.34435,40.5668],[29.34149,40.56561],[29.33929,40.56218],[29.33697,40.56143],[29.33303,40.55838],[29.33285,40.55667],[29.32924,40.55106],[29.32895,40.54795],[29.32688,40.5453],[29.3251,40.54054],[29.32295,40.53884],[29.31885,40.53276],[29.31656,40.5314],[29.31735,40.5281],[29.31578,40.52681],[29.315,40.52455],[29.31437,40.52437],[29.31281,40.52802],[29.31135,40.52756],[29.30854,40.52823],[29.30441,40.52629],[29.30154,40.52996],[29.29401,40.53267],[29.2888,40.53533],[29.27861,40.5361],[29.27457,40.53301],[29.27006,40.53646],[29.26197,40.53571],[29.25648,40.53602],[29.25366,40.53243],[29.24987,40.53271],[29.24857,40.53224],[29.24602,40.53297],[29.24369,40.53207],[29.24166,40.53209],[29.24083,40.53084],[29.23759,40.52931],[29.23414,40.52196],[29.2291,40.52061],[29.22475,40.52178],[29.22193,40.52363],[29.22144,40.52463],[29.21779,40.52342],[29.21356,40.5242],[29.20795,40.52852],[29.20488,40.52985],[29.20527,40.53514],[29.20103,40.53513],[29.19705,40.53692],[29.18545,40.53785]]]}},{"type":"Feature","properties":{"ad":"Çiftlikköy"},"geometry":{"type":"Polygon","coordinates":[[[29.30552,40.64342],[29.30391,40.64702],[29.30387,40.64987],[29.30572,40.65341],[29.30767,40.65471],[29.30993,40.65968],[29.30832,40.66356],[29.30877,40.66413],[29.30848,40.66612],[29.30747,40.66767],[29.31214,40.66921],[29.31583,40.66912],[29.3283,40.67158],[29.33712,40.67198],[29.34264,40.67342],[29.34798,40.67669],[29.35351,40.68189],[29.35499,40.68199],[29.35683,40.68343],[29.36938,40.69636],[29.37019,40.69592],[29.37003,40.69648],[29.37057,40.6962],[29.37328,40.69747],[29.37429,40.69885],[29.38169,40.70142],[29.38748,40.70027],[29.39349,40.70212],[29.40057,40.69905],[29.40432,40.69664],[29.40397,40.69629],[29.4063,40.696],[29.40695,40.69678],[29.40644,40.695],[29.4074,40.69689],[29.4072,40.69548],[29.4083,40.6969],[29.40855,40.69678],[29.40762,40.69583],[29.4102,40.69541],[29.40905,40.69428],[29.41031,40.69346],[29.42183,40.68925],[29.42695,40.68829],[29.42975,40.6888],[29.42756,40.6925],[29.42957,40.69318],[29.43127,40.69073],[29.43279,40.69153],[29.43392,40.69134],[29.43469,40.69108],[29.43445,40.69007],[29.43607,40.68955],[29.44093,40.67684],[29.43843,40.67074],[29.43343,40.6618],[29.43646,40.6576],[29.44664,40.64988],[29.44432,40.64812],[29.44468,40.6446],[29.44325,40.64216],[29.44325,40.63864],[29.44628,40.63376],[29.46343,40.63267],[29.46771,40.6301],[29.482,40.62969],[29.48342,40.62725],[29.4811,40.62251],[29.47842,40.62048],[29.472,40.62129],[29.4695,40.61804],[29.45825,40.61682],[29.45182,40.61343],[29.45164,40.6099],[29.44807,40.60774],[29.44396,40.60746],[29.44075,40.60597],[29.43932,40.60299],[29.43503,40.5992],[29.43481,40.59555],[29.42964,40.58484],[29.42928,40.58063],[29.43053,40.57616],[29.42999,40.56992],[29.42535,40.56666],[29.42553,40.56192],[29.42214,40.55812],[29.42303,40.54862],[29.42022,40.54557],[29.41429,40.54842],[29.41023,40.54877],[29.40451,40.55174],[29.39712,40.55126],[29.3882,40.55516],[29.38257,40.56042],[29.34861,40.56804],[29.34813,40.56932],[29.34848,40.5711],[29.3503,40.57196],[29.35039,40.57324],[29.34945,40.57395],[29.3499,40.57576],[29.34942,40.57699],[29.347,40.57887],[29.34567,40.58131],[29.34027,40.584],[29.33742,40.58468],[29.33723,40.58802],[29.33641,40.58896],[29.33708,40.59001],[29.33448,40.59528],[29.33315,40.59698],[29.32696,40.59794],[29.32609,40.59985],[29.32848,40.60261],[29.32809,40.60331],[29.32672,40.60297],[29.32376,40.60574],[29.32523,40.60712],[29.32364,40.60799],[29.32343,40.61146],[29.32397,40.61211],[29.32332,40.61236],[29.32308,40.61457],[29.32417,40.61918],[29.32114,40.62428],[29.3212,40.62584],[29.32208,40.62558],[29.32306,40.6264],[29.32196,40.62817],[29.32213,40.62911],[29.31932,40.63199],[29.32417,40.63558],[29.32472,40.63758],[29.32366,40.63814],[29.32239,40.63715],[29.32011,40.63776],[29.31726,40.63518],[29.31692,40.63782],[29.31318,40.63889],[29.31192,40.64013],[29.30872,40.64043],[29.30912,40.64224],[29.30823,40.64333],[29.30552,40.64342]]]}},{"type":"Feature","properties":{"ad":"Çınarcık"},"geometry":{"type":"Polygon","coordinates":[[[28.90583,40.59178],[28.92005,40.59546],[28.92194,40.59675],[28.92316,40.59683],[28.92496,40.59839],[28.92791,40.59902],[28.93301,40.60128],[28.93311,40.60189],[28.93608,40.6034],[28.94117,40.60805],[28.95277,40.614],[28.95446,40.61733],[28.95386,40.61773],[28.95453,40.61752],[28.95539,40.61934],[28.95426,40.61977],[28.95223,40.6171],[28.95234,40.61762],[28.95685,40.62295],[28.96012,40.6281],[28.96502,40.63209],[28.96589,40.63385],[28.96787,40.63397],[28.97354,40.63715],[28.97773,40.63797],[28.98039,40.63972],[28.98454,40.64048],[28.98952,40.6428],[28.99088,40.64422],[28.99401,40.64464],[28.9966,40.64585],[28.99714,40.64515],[29.00369,40.6447],[29.00662,40.64527],[29.00686,40.64657],[29.01264,40.64398],[29.02305,40.64649],[29.02552,40.64598],[29.02969,40.64691],[29.03548,40.64594],[29.03845,40.64634],[29.0394,40.64712],[29.04358,40.64683],[29.04705,40.64848],[29.05026,40.64764],[29.05374,40.64779],[29.05854,40.64591],[29.0677,40.64404],[29.07075,40.64406],[29.0789,40.64605],[29.07881,40.64645],[29.08529,40.64519],[29.09089,40.6453],[29.0925,40.64435],[29.097,40.64348],[29.10609,40.64335],[29.11461,40.64504],[29.11652,40.64613],[29.11589,40.64721],[29.11667,40.64618],[29.11797,40.64707],[29.123,40.64748],[29.1313,40.65017],[29.12859,40.64857],[29.13137,40.64789],[29.1346,40.64819],[29.13764,40.64929],[29.14178,40.65222],[29.14545,40.65685],[29.14533,40.65851],[29.14405,40.65913],[29.14387,40.66109],[29.15095,40.65999],[29.15131,40.65904],[29.1532,40.65904],[29.1542,40.65864],[29.15282,40.65857],[29.15497,40.65702],[29.16117,40.6556],[29.16434,40.65601],[29.17121,40.6552],[29.19001,40.65759],[29.19333,40.65662],[29.19276,40.65352],[29.19049,40.64786],[29.18764,40.64514],[29.18659,40.64503],[29.18494,40.64346],[29.18137,40.64271],[29.17607,40.64259],[29.1763,40.64372],[29.17455,40.64354],[29.17139,40.64213],[29.16916,40.64208],[29.16737,40.64027],[29.16677,40.63872],[29.16727,40.63827],[29.16492,40.63643],[29.16558,40.63548],[29.16327,40.63291],[29.16273,40.6312],[29.16364,40.63024],[29.16284,40.62963],[29.16342,40.62791],[29.16687,40.62617],[29.16672,40.61924],[29.15844,40.61474],[29.15821,40.60751],[29.15517,40.60413],[29.14721,40.60099],[29.14721,40.59981],[29.14916,40.59767],[29.14885,40.59341],[29.15181,40.59051],[29.15111,40.58979],[29.14331,40.58719],[29.13753,40.58351],[29.12964,40.57382],[29.12683,40.5686],[29.12261,40.56825],[29.11684,40.57109],[29.10638,40.57086],[29.10014,40.56766],[29.09983,40.57607],[29.09686,40.57785],[29.085,40.57643],[29.07673,40.5724],[29.07158,40.56446],[29.06659,40.56446],[29.06191,40.56161],[29.05067,40.56671],[29.0399,40.57619],[29.03194,40.57975],[29.03054,40.5769],[29.01899,40.57026],[29.01852,40.56742],[29.01587,40.56386],[29.01583,40.55959],[29.01158,40.55251],[28.98857,40.55863],[28.98824,40.55469],[28.98118,40.55268],[28.9771,40.5546],[28.97136,40.55502],[28.96882,40.55829],[28.96661,40.55922],[28.9611,40.55544],[28.95723,40.55561],[28.95359,40.55754],[28.95006,40.55854],[28.94807,40.56173],[28.95205,40.56609],[28.94863,40.57296],[28.94256,40.57673],[28.93605,40.5738],[28.93373,40.57682],[28.92755,40.57917],[28.91982,40.57799],[28.91718,40.57824],[28.91607,40.57967],[28.91795,40.58185],[28.91287,40.58662],[28.90989,40.58738],[28.90583,40.59178]]]}}],"attribution":"© OpenStreetMap katkıcıları (ODbL)"}